student_id,any_assigned,final_rank,unmatched
3614307,0,,1
3615771,1,1,0
3615838,0,,1
3615844,1,1,0
3616023,1,1,0
3616032,1,2,1
3616157,0,,.85600001
3616173,1,2,1
3616181,1,1,.21699999
3616219,0,,.88099998
3616222,0,,.87599999
3616226,1,1,0
3616232,0,,.76099998
3616234,0,,1
3616238,1,1,0
3616358,0,,1
3616374,0,,1
3616378,1,1,0
3616389,1,1,0
3616409,0,,1
3616414,1,2,0
3616415,1,1,0
3616419,0,,1
3616422,0,,1
3616441,0,,0
3616444,0,,1
3616445,1,1,0
3616472,1,1,0
3616476,1,2,1
3616489,1,4,1
3616491,1,1,0
3616518,0,,1
3616529,0,,1
3616567,0,,0
3616568,1,2,0
3616593,0,,1
3616609,0,,0
3616622,1,3,0
3616624,1,1,0
3616628,1,1,0
3616641,0,,1
3616661,0,,1
3616690,0,,1
3616699,0,,.792
3616711,1,1,.87300003
3616746,1,3,0
3616749,0,,.329
3616776,1,1,0
3616789,0,,1
3616799,1,2,0
3616802,1,1,0
3616817,1,4,0
3616827,0,,0
3616833,1,1,0
3616852,0,,1
3616854,0,,1
3616865,1,1,0
3616867,1,1,0
3616869,0,,1
3616886,0,,0
3616888,1,2,0
3616903,1,1,0
3616905,0,,1
3616906,1,2,0
3616907,1,2,0
3616911,1,3,0
3616914,1,1,0
3616916,0,,0
3616926,0,,1
3616954,1,1,0
3616958,1,1,0
3616965,1,1,0
3617001,1,1,0
3617007,1,5,0
3617012,0,,0
3617013,0,,1
3617031,0,,.53500003
3617033,1,3,0
3617048,0,,.68199998
3617055,0,,1
3617085,1,1,0
3617088,1,4,0
3617092,1,5,0
3617101,1,1,.47999999
3617108,0,,0
3617113,1,3,1
3617137,1,2,0
3617152,0,,1
3617158,0,,1
3617163,1,1,1
3617176,0,,.86299998
3617196,0,,.787
3617198,1,2,.152
3617209,1,1,0
3617214,1,5,.88999999
3617218,1,1,.31900001
3617225,1,1,.33500001
3617235,1,2,.77899998
3617245,1,1,0
3617248,1,1,0
3617251,1,1,0
3617263,0,,1
3617267,1,1,0
3617275,0,,.345
3617283,1,1,0
3617286,0,,1
3617300,1,1,.77399999
3617304,1,1,1
3617330,1,1,0
3617334,1,1,0
3617335,1,2,0
3617348,1,1,0
3617356,1,1,0
3617369,1,1,0
3617373,0,,1
3617375,1,4,.78500003
3617382,0,,.65899998
3617392,1,3,0
3617396,1,1,0
3617407,0,,.54500002
3617439,1,1,0
3617454,1,1,0
3617465,1,1,0
3617466,1,4,.39700001
3617469,1,1,0
3617477,1,3,1
3617492,0,,1
3617504,1,1,0
3617505,1,1,.74000001
3617507,1,1,0
3617509,1,1,0
3617517,1,1,0
3617531,0,,1
3617564,1,2,1
3617573,0,,1
3617587,0,,0
3617602,1,3,0
3617773,1,1,0
3617774,1,1,0
3617788,1,1,0
3617813,1,3,.95499998
3617831,1,1,1
3617835,1,1,0
3617836,1,1,1
3617861,1,1,0
3617876,1,1,0
3617878,1,5,.377
3617928,1,2,0
3617937,0,,1
3617939,1,1,0
3618006,0,,.31200001
3618020,1,1,0
3618023,1,1,0
3618027,0,,.67000002
3618048,0,,1
3618075,1,2,0
3618084,0,,0
3618093,1,2,0
3618118,0,,1
3618145,1,3,0
3618162,1,1,.35600001
3618201,1,1,0
3618206,0,,.514
3618213,0,,1
3618230,1,1,0
3618233,1,1,0
3618237,1,1,.41800001
3618261,1,1,0
3618277,0,,0
3618308,0,,1
3618326,0,,.81199998
3618331,0,,1
3618337,0,,1
3618347,0,,1
3618354,1,1,0
3618359,1,2,.61400002
3618380,0,,.82300001
3618388,0,,1
3618406,1,2,1
3618430,0,,1
3618431,1,2,.30700001
3618453,1,1,0
3618469,1,2,1
3618479,0,,.87199998
3618489,0,,.39399999
3618490,0,,1
3618501,1,1,0
3618510,1,1,0
3618513,0,,1
3618518,1,1,0
3618531,0,,1
3618558,1,1,0
3618608,1,1,0
3618617,1,1,1
3618621,1,3,0
3618623,1,1,.030999999
3618626,1,1,.78500003
3618634,1,1,.33899999
3618647,0,,0
3618679,0,,1
3618697,0,,1
3618701,0,,1
3618704,0,,1
3618705,1,2,0
3618718,0,,.33199999
3618724,1,2,1
3618733,0,,.815
3618745,1,2,0
3619020,1,1,0
3619040,1,3,0
3619059,0,,0
3619064,1,1,0
3619065,1,1,0
3619110,0,,1
3619142,0,,1
3619160,1,1,.60000002
3619164,0,,.61000001
3619170,0,,1
3619192,1,1,0
3619215,1,1,.48899999
3619238,0,,0
3619244,1,2,0
3619246,0,,.66799998
3619247,1,3,1
3619286,0,,0
3619290,1,1,0
3619291,1,2,.324
3619297,1,1,0
3619304,1,2,0
3619305,0,,.70700002
3619325,0,,1
3619353,0,,.94999999
3619356,1,2,0
3619422,1,2,0
3619427,1,3,0
3619482,1,2,0
3619560,0,,.71799999
3619590,0,,1
3619606,1,1,0
3619616,1,3,.61799997
3619661,0,,1
3619681,0,,1
3619683,1,1,0
3619690,1,1,0
3619738,0,,1
3620621,0,,1
3620645,1,1,0
3620669,1,1,0
3620688,1,1,0
3620691,1,1,0
3620694,1,2,0
3620696,1,2,0
3620698,0,,.639
3620700,1,1,0
3620712,1,1,0
3620737,0,,.248
3620739,0,,.63099998
3620828,1,3,0
3620836,0,,0
3620893,1,1,.322
3620921,1,4,0
3620992,1,1,0
3621028,0,,.78899997
3621060,0,,.61799997
3621061,0,,0
3621274,0,,1
3621475,1,2,0
3621560,0,,1
3621581,1,2,0
3621617,1,5,.73900002
3621623,0,,1
3621640,1,1,.824
3621654,1,2,0
3621681,1,1,.588
3621685,1,3,1
3621689,1,1,0
3621696,0,,0
3621703,1,2,0
3621704,0,,.65799999
3621711,0,,1
3621713,0,,1
3623223,1,2,0
3623274,1,2,0
3623334,1,2,0
3623403,0,,0
3623435,0,,1
3623508,0,,.81800002
3623514,1,1,0
3623618,1,1,0
3623624,1,1,0
3623678,1,1,0
3623783,0,,0
3623833,0,,.79900002
3623853,1,2,.852
3623861,0,,1
3623877,1,1,0
3623905,1,1,0
3623962,0,,1
3623979,0,,1
3624008,0,,1
3624014,0,,.64200002
3624018,0,,1
3624037,0,,.87300003
3624056,1,1,0
3624072,1,2,0
3624098,0,,1
3624122,1,2,0
3624148,1,1,0
3624186,0,,.68199998
3624197,1,1,1
3624261,0,,0
3624263,1,1,0
3624266,1,3,.82700002
3624285,1,1,0
3624303,0,,0
3624308,1,2,1
3624314,0,,1
3624332,1,1,0
3624351,1,1,0
3624665,0,,1
3624670,0,,0
3624690,0,,.52600002
3624723,0,,.60699999
3624744,1,1,0
3624757,0,,1
3625300,0,,1
3625307,0,,1
3625310,0,,0
3625332,1,3,0
3625349,1,1,0
3625528,1,3,0
3625553,0,,1
3625560,1,1,0
3625566,0,,1
3625569,0,,1
3625572,0,,1
3625595,0,,.75099999
3625619,0,,1
3625620,1,1,0
3625630,0,,0
3625682,1,1,0
3625727,1,1,0
3625734,0,,.51200002
3625740,1,1,1
3625755,1,1,0
3625758,1,3,0
3625767,1,1,0
3625770,1,2,0
3625862,1,2,0
3625863,0,,1
3625873,0,,1
3625881,0,,1
3625970,0,,1
3625982,1,1,0
3626016,1,2,0
3626054,1,2,0
3626058,1,1,0
3626080,0,,.25099999
3626083,1,2,1
3626085,1,3,0
3626091,1,1,0
3626106,0,,1
3626139,0,,.222
3626157,0,,0
3626172,0,,1
3626224,1,1,0
3626225,1,2,0
3626277,1,1,0
3626330,0,,1
3626332,1,1,1
3626334,0,,.56900001
3626336,0,,1
3626354,0,,0
3626360,0,,0
3626370,1,3,.79100001
3626390,1,2,.0040000002
3626620,1,1,0
3626634,1,1,0
3626734,1,2,0
3626765,0,,1
3626766,1,1,.368
3626873,1,5,0
3626905,1,3,1
3626911,1,1,0
3626913,0,,1
3627196,1,2,0
3627255,1,1,0
3627266,0,,1
3627615,0,,1
3627778,0,,1
3627844,0,,0
3627876,0,,.41999999
3627879,1,1,0
3627881,1,1,0
3627886,0,,1
3627908,1,1,0
3627963,1,1,0
3627968,1,1,0
3628095,0,,0
3628108,1,3,0
3628109,0,,1
3628231,0,,.85600001
3628375,1,2,.47799999
3628404,1,4,0
3628426,1,1,1
3628482,1,3,0
3629341,0,,1
3629399,0,,1
3629401,1,1,0
3629445,0,,.72500002
3629466,0,,1
3629577,1,1,0
3629626,0,,.509
3629852,1,2,1
3629857,0,,1
3629876,0,,1
3629884,0,,1
3629896,0,,.55500001
3629897,1,1,0
3629908,0,,.79299998
3629909,1,1,0
3629914,1,3,.43099999
3629930,1,2,1
3629944,1,2,1
3629950,1,3,.60500002
3629954,1,1,0
3630005,1,1,.30599999
3630014,1,2,0
3630025,1,1,0
3630029,1,1,.287
3630034,0,,0
3630077,1,1,0
3630231,0,,.801
3630237,1,1,0
3630273,0,,0
3630315,1,1,1
3630317,1,6,.54500002
3630351,1,1,0
3630353,0,,.75099999
3630364,1,1,1
3630370,0,,.67400002
3630377,0,,1
3630448,1,1,0
3630487,0,,.377
3630528,1,3,0
3630564,1,1,0
3630609,1,1,0
3630621,0,,1
3630694,0,,.42300001
3630700,1,1,1
3630728,1,3,0
3630860,0,,.80900002
3630906,1,1,0
3630908,0,,.64600003
3633519,0,,1
3633521,1,1,0
3633570,1,5,.653
3633618,0,,.41999999
3633647,0,,1
3633674,1,1,.67900002
3633688,1,1,0
3633729,0,,1
3633865,1,3,0
3633884,1,1,.699
3633980,1,1,.25
3633985,0,,0
3634013,1,2,1
3634373,1,1,0
3634379,1,1,0
3634444,0,,.833
3634481,1,1,1
3634503,0,,1
3634514,0,,1
3634517,1,1,0
3634681,1,1,0
3635150,0,,1
3635185,0,,1
3635256,1,1,0
3635353,1,1,0
3635372,0,,1
3635385,1,1,0
3635395,1,2,0
3635400,0,,1
3635437,1,1,0
3635511,0,,.824
3635572,1,3,0
3635601,0,,0
3635638,1,1,0
3635643,0,,.59299999
3635717,0,,1
3635741,1,2,1
3635916,1,1,0
3636028,1,1,0
3636635,0,,1
3636957,1,1,0
3637007,1,1,0
3637209,0,,1
3637433,0,,1
3637446,1,2,.55299997
3637657,1,1,0
3637694,1,1,.56699997
3637704,0,,.53600001
3637762,1,1,0
3638059,1,3,0
3638068,0,,1
3638109,0,,0
3638630,0,,1
3638634,0,,.88700002
3638648,1,3,0
3638677,0,,0
3638682,1,1,0
3638684,1,1,0
3638688,1,1,0
3638722,0,,1
3638745,0,,0
3638929,1,1,0
3638995,0,,1
3642362,0,,1
3642452,1,1,0
3642674,0,,1
3642676,1,2,1
3643053,0,,1
3643191,0,,1
3643888,0,,.83899999
3643977,1,2,.66500002
3644057,0,,0
3644094,0,,.67400002
3644265,1,3,0
3644279,0,,.65700001
3644449,0,,.49000001
3644713,0,,1
3644882,1,1,1
3644985,0,,.97500002
3645043,0,,.954
3645078,1,3,0
3645366,1,3,.801
3645606,0,,1
3645684,0,,1
3645737,1,1,.63200003
3645885,0,,.77899998
3646077,0,,.77999997
3646226,0,,1
3646246,1,1,0
3646288,1,2,1
3646316,0,,.67500001
3646332,0,,.62699997
3646405,1,1,.223
3646452,1,1,1
3646536,0,,1
3646608,1,5,1
3646616,0,,1
3646637,1,1,1
3646651,1,2,1
3646888,1,2,.40700001
3646918,0,,1
3646935,1,1,0
3646938,0,,.60699999
3646981,1,2,.59100002
3647076,1,2,.639
3647080,0,,1
3647115,0,,.79799998
3647139,1,3,0
3647149,0,,1
3647177,1,1,1
3647208,1,2,.80599999
3647279,0,,1
3647286,0,,.55900002
3647315,0,,.5
3647337,1,2,0
3647348,0,,.51999998
3647372,0,,1
3647374,0,,.96700001
3647388,1,1,0
3647414,0,,.801
3647426,1,3,.778
3647444,0,,0
3647478,0,,.63200003
3647529,0,,0
3647548,0,,1
3647566,1,1,0
3647593,1,1,0
3647668,1,1,.303
3647687,0,,0
3647688,0,,1
3647732,1,2,.71700001
3647800,0,,1
3647804,1,1,0
3647808,1,1,0
3647821,0,,1
3647826,0,,0
3647876,0,,1
3647890,0,,1
3647915,0,,0
3647918,1,1,0
3647920,0,,0
3647923,1,1,0
3647925,0,,1
3647936,1,4,.80599999
3647940,1,2,.55299997
3647949,0,,.396
3647964,0,,0
3647965,1,5,.60000002
3647973,1,1,0
3647980,0,,.80699998
3647985,0,,1
3647987,0,,.31999999
3647992,1,3,0
3648000,0,,.67400002
3648015,0,,0
3648024,1,3,.111
3648026,0,,.713
3648029,1,3,1
3648032,1,1,0
3648052,1,3,1
3648063,0,,.79400003
3648084,1,5,0
3648089,1,1,0
3648091,1,4,.104
3648097,0,,1
3648101,1,4,0
3648116,1,2,.51200002
3648119,1,2,0
3648143,1,2,.787
3648160,1,1,0
3648161,0,,.67299998
3648173,1,2,.30500001
3648174,1,1,.40200001
3648182,1,1,.29300001
3648188,1,1,0
3648189,1,1,.493
3648203,1,3,.824
3648229,1,3,0
3648232,0,,.398
3648258,1,2,0
3648259,0,,.653
3648262,1,6,1
3648268,0,,1
3648269,0,,.38299999
3648281,0,,0
3648283,1,4,1
3648298,0,,.59799999
3648303,1,1,0
3648308,0,,.80199999
3648328,0,,1
3648332,1,3,0
3648343,1,1,.403
3648344,1,1,0
3648357,1,2,.79699999
3648358,0,,1
3648370,1,1,0
3648381,0,,.58200002
3648383,1,1,0
3648386,0,,.81300002
3648390,1,2,.66299999
3648391,1,3,1
3648396,0,,.708
3648398,0,,.63800001
3648402,1,2,0
3648426,1,2,.056000002
3648433,1,1,0
3648450,0,,.514
3648471,0,,.82700002
3648474,0,,0
3648475,0,,.80299997
3648503,0,,1
3648529,0,,.713
3648535,0,,.58200002
3648537,0,,.70999998
3648559,0,,.60500002
3648574,1,4,.79900002
3648577,0,,.76800001
3648587,1,3,1
3648601,1,3,0
3648605,1,1,0
3648628,0,,.60799998
3648636,1,1,.39300001
3648644,1,1,0
3648649,1,2,0
3648662,1,4,.60100001
3648665,1,1,0
3648675,1,1,.76300001
3648708,1,1,0
3648731,0,,.78500003
3648758,0,,.36700001
3648764,0,,.96600002
3648783,0,,0
3648808,1,1,1
3648812,1,2,.412
3648814,1,1,.699
3648821,1,1,0
3648826,1,1,.078000002
3648848,1,4,.68300003
3648852,1,3,.46900001
3648872,1,2,0
3648873,0,,.546
3648876,0,,.64600003
3648878,1,2,.82099998
3648882,1,2,0
3648885,1,1,0
3648888,0,,.59200001
3648894,1,1,0
3648924,0,,1
3648928,1,1,0
3648951,1,1,.62599999
3648952,0,,.40400001
3648961,0,,.90399998
3648969,1,1,0
3648970,1,1,0
3648996,0,,.39899999
3649007,1,1,0
3649011,1,1,0
3649012,0,,.44499999
3649017,1,3,.39899999
3649018,0,,1
3649030,1,2,0
3649039,0,,1
3649047,1,4,1
3649056,0,,0
3649057,1,1,.40599999
3649059,1,1,.79799998
3649067,0,,.43000001
3649072,0,,1
3649073,0,,1
3649078,0,,1
3649105,1,1,.80000001
3649110,0,,.602
3649123,0,,.67799997
3649135,0,,.66500002
3649139,1,4,.671
3649144,1,3,.61299998
3649146,1,1,.68000001
3649166,0,,1
3649167,0,,.74699998
3649170,0,,.336
3649172,1,1,.69099998
3649175,0,,.81099999
3649183,0,,0
3649191,1,3,1
3649194,1,2,.96799999
3649205,1,2,.67000002
3649210,0,,.396
3649212,0,,0
3649217,1,2,0
3649219,1,1,0
3649221,1,1,0
3649231,1,2,.76800001
3649277,0,,.38699999
3649282,1,1,0
3649283,1,2,.78399998
3649284,1,3,.67500001
3649286,1,1,0
3649287,1,1,.28600001
3649290,1,1,1
3649294,0,,.81099999
3649300,1,3,.213
3649301,0,,.75199997
3649310,0,,.676
3649316,0,,0
3649317,0,,.39899999
3649318,1,2,.95899999
3649322,1,1,0
3649328,0,,.41299999
3649330,0,,.79699999
3649343,0,,1
3649354,1,1,.65899998
3649365,1,3,1.1102230e-16
3649381,1,1,.37900001
3649382,1,2,0
3649383,1,2,0
3649388,1,3,.60799998
3649400,1,2,.64099997
3649409,1,1,0
3649416,1,2,.75700003
3649419,0,,1
3649457,0,,.60799998
3649472,1,1,.37900001
3649491,0,,.67900002
3649504,1,1,.486
3649512,0,,.66399997
3649532,0,,.70599997
3649542,0,,0
3649572,0,,1
3649627,1,3,.67000002
3649631,0,,1
3649652,1,2,1
3649699,1,2,.54500002
3649700,0,,.80800003
3649729,0,,1
3649736,0,,.616
3649743,0,,.486
3649757,1,2,0
3649758,1,3,.80299997
3649761,0,,1
3649772,1,2,0
3649774,0,,0
3649802,0,,1
3649811,0,,.83600003
3649825,0,,0
3649827,0,,.64999998
3649885,0,,1
3649897,1,2,.47600001
3649906,1,1,0
3649931,1,1,0
3649949,1,2,.97799999
3649972,1,2,.671
3649980,0,,1
3649981,1,4,0
3649983,1,1,0
3650013,0,,.25
3650094,1,5,1
3650140,1,1,0
3650183,0,,.62300003
3650192,1,1,0
3650196,1,1,0
3650235,1,1,0
3650247,0,,1
3650278,1,1,0
3650297,0,,.75099999
3650311,1,2,.477
3650325,0,,.38800001
3650328,1,3,0
3650333,0,,1
3650335,1,1,0
3650353,0,,.95899999
3650355,0,,1
3650371,0,,1
3650379,0,,1
3650382,1,1,.414
3650388,1,3,.66799998
3650402,0,,1
3650460,1,1,0
3650463,0,,.61699998
3650468,0,,0
3650490,0,,1
3650520,1,1,.61299998
3650538,1,1,0
3650540,0,,.42899999
3650558,0,,.31799999
3650566,1,1,0
3650577,0,,0
3650630,0,,1
3650675,0,,.537
3650735,1,1,.611
3650753,1,1,1
3650772,1,2,1
3650789,1,2,.35299999
3650790,1,1,0
3650797,0,,.405
3650799,1,1,0
3650804,0,,.60299999
3650832,0,,1
3650846,0,,0
3650847,0,,1
3650861,1,2,1
3650865,0,,.97100002
3650892,1,1,0
3650901,1,3,.51300001
3650905,1,3,1
3650908,1,1,1
3650912,0,,.616
3650914,0,,.66299999
3650921,1,1,1
3650932,0,,1
3650939,1,1,.19599999
3650943,0,,.80900002
3650944,1,1,0
3650947,0,,1
3650948,0,,1
3650953,1,2,0
3650955,1,1,0
3650997,1,1,0
3651002,0,,.80299997
3651012,0,,1
3651019,0,,0
3651020,0,,.80599999
3651027,1,1,0
3651036,0,,.80500001
3651053,1,1,.81699997
3651056,1,1,0
3651116,1,1,0
3651121,1,2,.048
3651138,0,,.69
3651139,0,,.671
3651154,0,,1
3651173,1,4,.625
3651179,1,1,0
3651185,1,1,.414
3651193,0,,.68099999
3651210,0,,.69
3651242,1,1,0
3651244,1,1,.62699997
3651251,1,1,0
3651299,1,1,0
3651338,0,,.59399998
3651368,0,,.796
3651386,0,,.77200001
3651426,0,,1
3651428,0,,.60900003
3651435,1,3,.61199999
3651449,1,1,.36899999
3651522,1,1,0
3651552,1,1,0
3651555,1,1,.58999997
3651560,1,1,0
3651563,1,1,.34299999
3651564,1,4,1
3651571,0,,0
3651583,0,,.583
3651589,1,3,.59299999
3651590,1,2,1
3651601,0,,.48300001
3651603,0,,1
3651607,0,,0
3651626,1,2,.31799999
3651636,1,1,0
3651646,1,2,.95499998
3651651,0,,1
3651662,1,2,.74599999
3651673,1,1,.62699997
3651713,0,,.61299998
3651715,1,1,0
3651716,1,3,.34799999
3651750,0,,1
3651753,1,2,.676
3651755,1,3,0
3651772,0,,1
3651800,0,,.67500001
3651802,0,,.417
3651808,0,,.60900003
3651811,0,,.62199998
3651827,0,,.428
3651840,1,1,0
3651841,1,2,.64899999
3651845,1,1,0
3651856,0,,1
3651859,0,,.65899998
3651873,1,1,0
3651878,1,3,0
3651881,0,,.58200002
3651886,1,1,0
3651890,1,3,1
3651895,0,,.78899997
3651899,1,1,0
3651914,0,,.79799998
3651923,1,2,.043000001
3651935,0,,.68699998
3651943,1,2,0
3651954,0,,.81699997
3651955,0,,.67000002
3651956,1,3,.66900003
3651964,0,,0
3651966,1,1,.046999998
3651998,0,,0
3652015,1,2,0
3652017,1,2,.81099999
3652018,1,2,0
3652031,0,,.31299999
3652035,1,1,0
3652040,1,1,0
3652046,1,1,0
3652054,1,2,0
3652056,0,,1
3652057,1,4,.801
3652059,0,,.653
3652062,0,,.64899999
3652063,1,1,0
3652065,1,1,0
3652075,0,,0
3652077,1,1,0
3652082,0,,.38800001
3652085,0,,.252
3652091,1,1,0
3652092,0,,1
3652099,1,1,.433
3652104,0,,.82599998
3652109,0,,1
3652124,0,,.059999999
3652132,0,,0
3652133,1,4,0
3652174,0,,1
3652190,0,,.65200001
3652252,1,2,.15000001
3652266,0,,.79299998
3652277,1,1,0
3652287,1,2,0
3652299,0,,1
3652302,0,,1
3652318,1,2,0
3652330,0,,0
3652337,0,,0
3652396,0,,.67699999
3652400,1,2,.81199998
3652405,0,,0
3652407,0,,.68599999
3652413,1,2,.62
3652414,1,3,.63999999
3652422,0,,.54900002
3652427,1,2,1
3652428,1,3,.98400003
3652429,1,2,.51700002
3652434,1,1,0
3652447,0,,.70200002
3652451,1,3,1
3652473,1,2,0
3652475,1,1,0
3652487,1,2,0
3652489,1,2,0
3652515,1,1,.66100001
3652530,1,1,0
3652554,1,3,.40799999
3652562,0,,0
3652587,0,,.65200001
3652607,0,,.676
3652633,0,,.79299998
3652668,0,,.68000001
3652694,0,,.67199999
3652709,0,,.648
3652710,1,3,.43700001
3652716,0,,1
3652725,1,1,0
3652751,1,2,0
3652782,1,3,0
3652818,0,,0
3652839,0,,1
3652918,0,,1
3652968,0,,1
3652999,0,,1
3653049,1,4,.61799997
3653083,1,2,.421
3653092,0,,.79400003
3653093,0,,0
3653103,1,3,0
3653114,0,,0
3653140,0,,.68300003
3653208,0,,1
3653250,1,1,0
3653274,1,1,0
3653295,1,1,0
3653315,0,,1
3653329,0,,1
3653331,0,,0
3653334,1,1,0
3653347,0,,1
3653358,1,1,0
3653497,0,,1
3653508,0,,.78500003
3653516,1,1,0
3653522,0,,1
3653535,1,1,0
3653540,0,,0
3653542,0,,1
3653544,0,,.79699999
3653571,1,1,0
3653582,0,,1
3653589,0,,.79799998
3653598,0,,1
3653604,0,,1
3653607,0,,1
3653647,1,1,0
3653725,0,,1
3653736,1,1,0
3653756,1,1,0
3653769,0,,.89099997
3653791,1,1,.75400001
3653836,1,1,0
3653891,0,,1
3653907,0,,.37099999
3653938,0,,1
3653943,0,,.76999998
3653970,0,,0
3653972,1,1,0
3654018,0,,1
3654025,1,2,.285
3654028,0,,1
3654054,0,,1
3654069,1,1,.32600001
3654106,0,,.79799998
3654189,0,,1
3654249,0,,1
3654296,0,,0
3654351,0,,.80800003
3654375,1,1,1
3654376,1,1,0
3654425,0,,1
3654446,1,1,0
3654461,1,1,0
3654466,1,1,1
3654473,0,,1
3654490,0,,.82800001
3654554,1,1,0
3654570,0,,0
3654575,1,2,1
3654583,1,1,0
3654588,0,,0
3654596,1,1,0
3654634,1,1,.67699999
3654636,1,2,.024
3654641,1,2,0
3654646,0,,0
3654647,1,2,1
3654653,1,1,.34099999
3654728,0,,1
3654771,1,1,1
3654785,1,1,0
3654787,0,,1
3654831,0,,.671
3654864,1,1,0
3654874,1,1,0
3654879,0,,.50300002
3654951,1,1,0
3654953,1,3,.65200001
3654982,1,2,1
3654987,1,3,0
3654999,1,4,0
3655003,1,3,0
3655008,0,,.51099998
3655010,0,,1
3655023,0,,0
3655026,0,,.78299999
3655093,1,3,.66900003
3655152,0,,.31900001
3655153,0,,1
3655193,1,1,0
3655205,0,,1
3655253,1,2,0
3655342,0,,0
3655369,1,2,0
3655386,0,,.79100001
3655434,1,2,0
3655441,0,,.23899999
3655503,1,4,0
3655570,1,1,0
3655585,1,1,0
3655586,1,3,0
3655608,1,1,0
3655651,0,,1
3655690,0,,1
3655692,1,2,0
3655718,1,1,0
3655783,1,1,1
3655799,1,1,0
3655812,0,,1
3655846,0,,1
3655863,0,,1
3655960,1,2,0
3655962,1,1,0
3655965,0,,1
3655999,1,3,0
3656001,0,,0
3656027,1,2,0
3656034,0,,.81
3656040,1,1,1
3656059,1,1,1
3656065,1,1,0
3656073,0,,1
3656080,1,1,.50599998
3656081,1,4,0
3656137,1,1,0
3656194,0,,.68000001
3656235,0,,.73900002
3656251,0,,.80699998
3656254,0,,.67799997
3656298,0,,1
3656300,1,6,0
3656302,1,4,.95300001
3656303,1,2,0
3656417,1,3,.52399999
3656425,0,,1
3656429,1,4,1
3656463,1,1,1
3656509,1,3,0
3656554,0,,.616
3656565,1,1,0
3656573,1,1,0
3656618,0,,1
3656629,0,,.84200001
3656690,1,1,0
3656705,0,,1
3656706,0,,1
3656729,1,1,.54500002
3656750,0,,1
3656824,1,2,0
3656840,1,2,.76099998
3656848,0,,.62699997
3656849,1,4,0
3656865,0,,1
3656905,1,1,.24699999
3656944,0,,.78399998
3656967,1,1,.77999997
3656990,1,1,0
3657032,0,,1
3657052,1,1,0
3657055,1,1,0
3657127,0,,.86799997
3657130,1,1,.249
3657135,1,2,0
3657140,1,1,0
3657146,0,,1
3657154,1,1,0
3657186,0,,.338
3657201,0,,1
3657221,1,1,0
3657230,0,,.79500002
3657237,0,,1
3657251,1,1,.80500001
3657266,1,1,0
3657283,1,1,.57300001
3657321,1,1,.653
3657323,0,,0
3657341,0,,.81999999
3657363,1,1,0
3657380,1,1,0
3657405,1,1,0
3657462,1,1,0
3657463,1,1,0
3657542,1,1,0
3657546,0,,.78299999
3657578,0,,1
3657587,0,,0
3657591,0,,.77999997
3657628,1,1,0
3657646,1,2,0
3657672,0,,.76599997
3657695,0,,.69099998
3657700,0,,.815
3657706,1,1,.375
3657745,0,,.23
3657855,0,,0
3657866,1,5,.96399999
3657962,1,5,0
3658031,1,1,0
3658032,1,1,0
3658051,1,3,.40000001
3658067,1,1,0
3658068,0,,1
3658101,1,2,0
3658115,1,2,0
3658133,0,,.80400002
3658171,0,,1
3658173,1,1,.86900002
3658182,0,,0
3658210,1,1,0
3658258,1,2,.56599998
3658268,1,1,0
3658276,0,,0
3658304,1,2,0
3658310,1,3,0
3658311,1,3,0
3658320,1,1,0
3658390,1,3,1
3658419,0,,0
3658432,1,1,1
3658458,1,1,0
3658523,1,2,1
3658541,0,,0
3658552,0,,1
3658565,1,4,.61299998
3658578,0,,.78200001
3658616,1,1,0
3658625,1,1,1
3658632,0,,.495
3658659,1,2,.96200001
3658684,1,3,1
3658698,1,1,0
3658719,1,1,0
3658787,0,,.648
3658805,1,1,0
3658856,1,2,.294
3658874,1,1,0
3658887,1,4,0
3658894,1,2,1
3658901,1,2,0
3658914,1,2,0
3658925,1,1,0
3658971,0,,0
3659044,0,,0
3659053,0,,1
3659078,0,,1
3659083,0,,1
3659092,0,,1
3659110,1,1,0
3659116,1,1,0
3659121,1,1,0
3659123,1,1,0
3659125,1,3,0
3659128,1,2,0
3659136,1,1,0
3659139,1,1,0
3659158,1,1,0
3659184,1,2,1
3659187,0,,0
3659191,1,1,0
3659244,1,1,0
3659271,0,,1
3659311,1,1,0
3659314,1,1,0
3659323,0,,1
3659342,1,3,.76499999
3659371,1,2,1
3659381,1,1,.28600001
3659406,0,,.75
3659422,0,,1
3659424,0,,.80900002
3659427,1,1,0
3659432,1,1,.65700001
3659435,0,,1
3659459,1,2,.51899999
3659471,1,1,0
3659477,1,1,0
3659482,1,1,0
3659541,0,,.51599997
3659551,1,1,.59899998
3659574,1,1,0
3659580,1,1,.78799999
3659587,0,,0
3659592,1,3,1
3659617,1,1,0
3659650,0,,1
3659668,1,2,0
3659670,1,2,0
3659708,0,,1
3659711,1,1,0
3659714,1,1,0
3659755,0,,.78399998
3659761,1,2,0
3659785,1,5,0
3659789,1,2,0
3659790,0,,1
3659804,0,,0
3659812,1,1,0
3659827,0,,.65700001
3659846,0,,1
3659852,0,,1
3659863,1,1,.67699999
3659887,0,,1
3659893,1,1,0
3659902,1,2,0
3659921,1,2,.375
3659961,0,,.33500001
3659975,1,1,0
3660009,0,,1
3660060,1,1,0
3660081,0,,1
3660088,0,,0
3660091,1,1,0
3660118,1,1,1
3660129,0,,1
3660212,1,1,.60900003
3660213,1,1,1
3660216,1,1,0
3660260,0,,0
3660263,1,1,0
3660268,1,3,1
3660314,1,1,0
3660322,1,3,0
3660345,1,3,0
3660427,0,,0
3660496,1,2,0
3660542,1,2,0
3660543,0,,1
3660545,0,,1
3660550,1,1,0
3660630,1,2,0
3660634,0,,.75999999
3660640,1,4,0
3660677,0,,1
3660715,1,1,0
3660731,1,5,0
3660756,0,,1
3660763,1,1,0
3660783,1,1,.030999999
3660784,1,1,.029999999
3660791,1,1,.30700001
3660796,1,2,.271
3660832,0,,.95700002
3660839,0,,1
3660850,1,1,.66900003
3660852,0,,1
3660947,1,1,0
3660949,1,1,0
3661034,1,1,.24699999
3661118,1,2,.66000003
3661210,1,1,1
3661211,0,,1
3661269,0,,1
3661287,0,,1
3661371,0,,.60299999
3661374,0,,.5
3661397,1,1,0
3661409,0,,.64399999
3661461,1,1,0
3661505,1,1,0
3661508,1,3,.38
3661521,1,1,0
3661523,1,2,0
3661601,0,,0
3661613,0,,.391
3661656,1,1,0
3661712,1,3,0
3661724,0,,.48300001
3661747,1,3,0
3661759,0,,1
3661761,1,2,0
3661772,1,1,0
3661781,1,1,0
3661785,1,1,0
3661793,1,1,0
3661796,1,1,0
3661810,0,,1
3661823,1,1,0
3661836,1,1,0
3661942,1,3,0
3661949,0,,.59600002
3661954,1,1,1
3661999,0,,.67699999
3662001,1,3,0
3662057,1,1,0
3662069,1,2,0
3662118,0,,.67799997
3662242,1,1,.62199998
3662260,0,,1
3662356,1,2,0
3662367,0,,1
3662403,0,,1
3662465,0,,1
3662524,0,,1
3662545,1,1,0
3662557,1,1,0
3662595,0,,1
3662606,1,2,0
3662614,1,1,0
3662643,1,1,0
3662672,1,1,0
3662673,1,2,0
3662676,0,,1
3662686,0,,0
3662690,1,1,0
3662692,0,,1
3662693,0,,1
3662695,0,,.39199999
3662710,0,,0
3662730,1,1,.71700001
3662736,1,1,0
3662777,1,1,0
3662797,1,1,0
3662820,1,1,0
3662851,1,2,0
3662852,1,1,0
3662921,1,1,0
3662923,0,,1
3662932,1,1,0
3662943,0,,1
3662944,1,1,0
3662945,1,1,0
3662972,0,,1
3663010,1,1,0
3663020,1,1,0
3663051,0,,1
3663064,1,2,.024
3663067,1,2,1
3663135,0,,.69300002
3663155,1,1,1
3663201,1,1,0
3663228,1,1,0
3663237,0,,0
3663240,1,1,0
3663326,1,1,0
3663396,1,5,0
3663416,1,1,.72299999
3663455,0,,.77999997
3663579,1,1,0
3663607,1,1,.62800002
3663647,1,2,.23100001
3663656,0,,0
3663705,0,,0
3663720,0,,1
3663740,1,2,0
3663756,0,,1
3663804,1,2,0
3663811,0,,1
3663827,1,2,0
3663849,1,2,0
3663896,0,,.62099999
3663898,1,2,0
3663901,1,1,0
3663923,1,2,0
3663977,1,1,0
3663987,0,,0
3664002,1,1,0
3664032,0,,1
3664133,0,,1
3664158,1,1,1
3664162,1,2,0
3664194,0,,.80199999
3664202,0,,.78899997
3664245,0,,1
3664318,0,,.625
3664362,1,1,1
3664382,0,,1
3664406,1,1,1
3664417,0,,1
3664622,1,1,0
3664627,1,1,0
3664682,0,,1
3664975,1,4,0
3665025,1,1,0
3665060,0,,1
3665066,1,1,0
3665533,0,,.736
3665551,0,,0
3665661,0,,0
3665713,1,3,0
3665912,0,,1
3665970,0,,.74900001
3665991,1,1,0
3666012,1,1,.329
3666110,1,2,0
3666322,1,2,0
3666440,1,2,0
3666507,1,2,1
3666691,0,,1
3666891,1,1,0
3667023,0,,1
3667026,1,2,.495
3667175,0,,1
3667198,1,1,0
3667216,1,1,0
3667233,1,1,0
3667356,1,1,0
3667652,1,1,0
3667663,0,,.34299999
3667704,1,1,1
3667863,1,1,0
3667970,0,,1
3668136,0,,.85799998
3668583,0,,.75300002
3669177,1,1,0
3669245,0,,1
3669330,0,,.264
3669396,1,1,.75099999
3669575,0,,1
3669785,0,,.375
3669788,0,,1
3669796,0,,1
3669803,0,,1
3669831,1,1,0
3669858,1,1,1
3669870,0,,0
3669875,0,,1
3669889,0,,1
3669983,0,,.829
3670116,1,2,0
3670240,0,,.40099999
3670245,1,2,0
3670253,0,,1
3670418,1,1,0
3670785,1,3,.70899999
3670796,1,1,0
3670840,1,3,.82700002
3670841,1,1,0
3670998,0,,1
3671007,0,,0
3671136,1,1,0
3671158,0,,1
3671228,1,1,0
3671386,1,1,0
3671414,0,,1
3671433,0,,.65499997
3671435,0,,0
3671460,1,1,0
3671684,1,2,.95200002
3671719,0,,0
3671727,1,4,0
3671946,0,,0
3671960,1,1,0
3671971,1,2,.96499997
3672254,0,,1
3672595,1,1,.15800001
3672624,0,,.963
3672861,0,,0
3672869,0,,1
3672878,1,1,0
3672881,1,2,.059
3672895,1,2,1
3672897,0,,.108
3672914,1,1,.32499999
3672918,0,,1
3672937,0,,1
3672963,1,1,0
3673017,1,1,0
3673027,0,,.69499999
3673036,1,1,0
3673063,0,,1
3673160,1,1,0
3673311,1,1,0
3673477,0,,.347
3673724,1,5,0
3673759,1,1,1
3673769,1,1,0
3673797,0,,1
3673825,0,,1
3673836,1,4,1
3673856,1,2,0
3673876,1,2,0
3673955,1,2,0
3674084,1,1,0
3674106,1,2,1
3674136,0,,.671
3674161,0,,1
3674344,1,1,0
3674357,1,1,0
3674626,1,1,.73699999
3674850,0,,.78200001
3675094,1,1,0
3675153,1,2,0
3675179,1,1,0
3675201,1,1,0
3675257,0,,1
3675283,0,,.69099998
3675435,1,5,.64399999
3675446,1,1,0
3675454,0,,0
3675605,1,1,.296
3675618,1,2,0
3678602,1,1,0
3678615,1,1,0
3678622,1,1,1
3678687,1,1,0
3678742,1,1,0
3678786,0,,.78600001
3678989,0,,1
3679334,0,,0
3679344,1,2,0
3679453,1,1,0
3679540,1,1,0
3679810,1,1,0
3679845,1,1,0
3680222,0,,1
3680318,1,1,0
3680377,1,1,0
3682188,0,,.81099999
3682201,1,1,0
3682581,0,,.847
3682723,0,,1
3682728,0,,1
3682739,0,,.345
3682750,1,1,.33000001
3682786,1,2,.78899997
3682832,1,1,.755
3682846,1,2,0
3682850,0,,1
3682903,1,1,0
3682929,1,1,0
3682946,0,,.90899998
3682956,1,1,0
3682963,1,2,0
3682969,1,1,0
3682974,1,1,0
3683057,0,,1
3683067,1,1,0
3683109,1,1,0
3683126,1,1,0
3683179,0,,0
3683216,0,,1
3683406,0,,.63999999
3683408,1,1,0
3683520,1,1,.54100001
3683537,0,,.69800001
3686872,0,,.59600002
3731111,0,,1
3731135,1,2,0
3731148,1,1,0
3731168,0,,.68599999
3731216,0,,0
3731279,1,1,0
3731568,1,2,0
3731604,0,,0
3731628,1,1,.31799999
3731676,1,1,0
3731683,0,,0
3731686,1,2,0
3731749,0,,.47600001
3731872,1,3,0
3731873,0,,0
3731877,1,2,0
3731898,1,2,.192
3731905,1,1,1
3732004,1,1,.55599999
3732014,1,1,0
3732015,1,3,1
3732056,0,,.76300001
3732099,1,2,0
3732115,0,,0
3732157,0,,.80500001
3732173,0,,1
3732197,1,1,0
3732234,1,1,0
3732314,1,1,0
3732324,1,1,0
3732344,1,5,0
3732565,1,1,0
3732578,0,,1
3732608,1,2,0
3732617,0,,0
3732633,1,2,.97600001
3732692,1,1,0
3732743,0,,0
3732994,1,1,0
3733008,0,,1
3733067,1,2,1
3733108,1,1,0
3733538,1,2,0
3733541,1,2,0
3735559,1,3,1
3735672,0,,1
3735926,0,,.787
3736054,0,,1
3736063,0,,1
3736105,0,,1
3736339,1,1,1
3736364,1,1,1
3736456,0,,1
3736508,1,1,1
3736518,1,2,1
3736566,0,,1
3736821,0,,.73299998
3737114,1,1,1
3737123,0,,1
3737142,0,,1
3737156,0,,.59500003
3737174,0,,.66500002
3737179,0,,.76200002
3737181,0,,1
3737183,1,2,0
3737197,0,,.73299998
3737210,1,1,0
3737211,1,1,0
3737234,0,,.54000002
3737269,0,,.38999999
3737352,1,1,0
3737361,0,,1
3737365,0,,0
3737389,1,1,1
3737400,0,,1
3737480,0,,.96499997
3737546,0,,0
3737548,0,,.95599997
3737576,1,5,.398
3737594,1,1,0
3737609,1,1,0
3737616,1,3,.60399997
3737634,1,1,.634
3737641,1,2,1
3737643,0,,.80800003
3737732,0,,1
3737735,0,,1
3737770,1,1,.79799998
3737779,1,2,0
3737786,0,,.63099998
3737790,1,3,0
3737797,1,1,0
3737799,1,1,0
3737802,1,2,.66299999
3737805,0,,0
3737808,1,1,0
3737811,1,1,0
3737815,1,1,0
3737817,0,,.579
3737822,1,1,1
3737825,0,,1
3737830,1,3,1
3737836,0,,.62400001
3737852,0,,1
3737866,1,1,0
3737874,1,1,.94999999
3737877,0,,1
3737879,0,,1
3737886,0,,.82300001
3737909,0,,.91100001
3737914,0,,.75800002
3737931,1,3,1
3737945,0,,.68000001
3737947,1,2,.82700002
3737949,0,,.68900001
3737950,0,,1
3737958,0,,.61000001
3737964,0,,.68599999
3737978,0,,.90200001
3738034,0,,.65600002
3738036,1,1,.28600001
3738039,1,1,0
3738047,1,1,0
3738062,1,6,0
3738065,1,3,.25400001
3738067,0,,1
3738074,1,4,.61500001
3738077,0,,.98199999
3738079,1,1,1
3738089,0,,1
3738093,0,,.65700001
3738099,1,4,.55299997
3738100,0,,.671
3738115,0,,.60299999
3738116,0,,.61699998
3738121,0,,.79699999
3738123,0,,.78600001
3738133,0,,.77999997
3738135,0,,1
3738152,1,1,0
3738180,0,,.653
3738194,0,,.66000003
3738196,0,,.82200003
3738198,1,1,0
3738202,1,1,.65899998
3738203,1,1,.59600002
3738206,1,3,0
3738212,0,,1
3738218,0,,.81599998
3738230,0,,.40900001
3738238,0,,1
3738246,1,1,0
3738248,0,,.66399997
3738249,0,,.67299998
3738279,0,,.49700001
3738284,0,,.792
3738287,1,1,0
3738289,0,,1
3738312,1,3,1
3738317,0,,0
3738331,0,,.61500001
3738335,0,,0
3738348,0,,0
3738349,1,1,.67699999
3738351,1,2,.611
3738356,1,2,0
3738358,1,2,0
3738362,0,,1
3738363,0,,1
3738366,1,1,.414
3738368,0,,.77999997
3738369,0,,1
3738372,0,,0
3738381,1,4,1
3738383,0,,.662
3738391,0,,1
3738412,1,1,0
3738435,0,,.67299998
3738452,0,,.64600003
3738457,1,3,.61799997
3738459,0,,1
3738475,0,,.39399999
3738488,0,,.79500002
3738496,1,4,0
3738500,1,2,.40400001
3738533,0,,.55000001
3738555,0,,1
3738559,1,1,0
3738561,0,,.66000003
3738568,1,1,.208
3738576,1,1,0
3738614,0,,.55400002
3738621,1,2,0
3738634,0,,1
3738635,0,,1
3738643,1,3,.65399998
3738650,1,1,0
3738654,0,,0
3738659,1,1,0
3738672,1,3,0
3738690,0,,1
3738694,0,,.66000003
3738702,1,4,0
3738704,0,,.39899999
3738738,1,2,0
3738761,0,,1
3738763,0,,.92000002
3738770,0,,0
3738781,1,1,.41999999
3738790,1,2,0
3738797,1,4,1
3738804,1,2,.56699997
3738806,1,2,1
3738829,1,4,.417
3738830,0,,0
3738854,0,,.65100002
3738879,0,,.676
3738881,1,3,0
3738891,1,1,0
3738932,0,,0
3738935,1,1,0
3738936,0,,.67299998
3738943,1,1,.67500001
3738974,0,,.64200002
3738977,1,3,.40700001
3738979,0,,.78600001
3738988,1,1,0
3739012,0,,1
3739015,0,,.69400001
3739016,1,2,0
3739044,1,2,.030999999
3739053,1,2,0
3739056,0,,1
3739068,1,6,.34599999
3739072,0,,.38999999
3739093,0,,0
3739099,0,,.63700002
3739123,0,,.81999999
3739131,0,,.602
3739134,1,1,0
3739136,0,,.39700001
3739160,1,4,.68800002
3739162,0,,0
3739171,1,1,.68699998
3739176,1,2,0
3739178,1,1,.56
3739213,0,,.958
3739230,1,2,.67500001
3739231,1,1,1
3739249,0,,.81099999
3739295,0,,.80500001
3739303,0,,.67500001
3739311,0,,1
3739355,0,,.81099999
3739382,0,,1
3739383,1,1,0
3739392,1,2,0
3739401,0,,.34200001
3739408,0,,.58999997
3739426,1,1,0
3739430,1,2,0
3739447,0,,.77899998
3739452,0,,.80199999
3739454,0,,0
3739459,1,2,0
3739460,0,,.80000001
3739467,0,,.46599999
3739472,0,,.65399998
3739481,1,3,0
3739482,0,,0
3739483,0,,.68400002
3739485,1,1,0
3739488,1,2,0
3739489,1,1,0
3739492,1,2,.67699999
3739495,1,1,0
3739501,1,3,.81400001
3739510,0,,.477
3739517,0,,.824
3739521,0,,1
3739525,0,,.403
3739527,0,,.57599998
3739528,0,,.32800001
3739531,0,,1
3739532,1,1,0
3739533,0,,.49700001
3739534,1,1,.29300001
3739536,0,,1
3739537,1,1,0
3739543,0,,1
3739547,0,,.685
3739548,1,3,1
3739565,1,6,0
3739570,0,,.76300001
3739573,1,1,0
3739607,1,1,.66799998
3739625,0,,.373
3739627,1,1,0
3739634,1,3,0
3739635,0,,.67500001
3739669,1,1,.62400001
3739679,1,1,0
3739680,1,1,0
3739684,0,,.37599999
3739685,0,,1
3739727,0,,.38100001
3739731,0,,0
3739735,1,3,.40599999
3739741,0,,.37599999
3739747,1,2,.39700001
3739748,0,,.32100001
3739750,0,,.792
3739783,0,,.38499999
3739802,1,3,0
3739861,0,,1
3739879,0,,0
3739920,0,,1
3739923,1,2,0
3739924,0,,0
3739965,1,1,.38299999
3740008,1,6,0
3740028,0,,1
3740033,1,1,.611
3740049,1,1,.48100001
3740166,1,3,0
3740169,1,1,0
3740182,1,4,1
3740204,1,1,.315
3740211,1,2,.63
3740214,1,1,.66600001
3740228,0,,.70499998
3740231,0,,.5
3740235,1,2,.81300002
3740288,0,,1
3740293,0,,1
3740299,0,,1
3740316,1,1,0
3740334,0,,1
3740358,0,,1
3740364,0,,1
3740374,0,,1
3740384,1,1,1
3740408,1,3,1
3740412,1,1,1
3740420,0,,1
3740453,1,2,0
3740492,1,4,0
3740501,1,2,.60699999
3740540,0,,1
3740547,0,,1
3740561,1,1,0
3740608,1,3,.79000002
3740617,1,1,0
3740640,0,,1
3740645,0,,1
3740647,1,1,0
3740666,1,1,.88700002
3740681,1,1,0
3740687,0,,0
3740699,1,1,0
3740764,1,1,.78399998
3740768,0,,.85399997
3740797,0,,.78299999
3740805,1,1,0
3740889,0,,1
3740942,1,1,1
3740955,1,3,1
3741010,1,3,0
3741020,0,,1
3741046,1,2,0
3741047,1,2,.69599998
3741125,1,1,.86900002
3741137,0,,1
3741188,1,1,1
3741197,1,1,0
3741214,1,1,0
3741220,0,,0
3741250,0,,1
3741253,0,,1
3741255,1,2,0
3741302,0,,0
3741324,0,,.78799999
3741425,1,2,0
3741448,1,2,0
3741456,0,,1
3741469,0,,0
3741491,1,2,.579
3741559,0,,.745
3741588,1,1,0
3741662,0,,.84600002
3741745,1,2,0
3741773,1,4,0
3741882,0,,1
3741883,0,,1
3741894,1,1,0
3741925,1,1,0
3741934,1,1,0
3741957,1,1,0
3741963,1,2,.551
3741969,1,1,0
3741975,0,,1
3741993,0,,.69099998
3742003,1,1,.63800001
3742029,1,2,0
3742051,0,,1
3742073,0,,1
3742085,1,2,1
3742099,1,3,0
3742107,1,2,.792
3742121,1,3,.81
3742135,1,1,0
3742180,0,,1
3742186,0,,.40799999
3742189,1,2,.222
3742345,1,1,0
3742387,0,,.74400002
3742390,1,1,.60100001
3742466,0,,.79799998
3742476,1,2,0
3742494,1,1,0
3742519,1,1,0
3742543,1,4,1
3742590,0,,.39199999
3742605,1,2,0
3742671,0,,1
3742672,1,2,0
3742720,0,,0
3742723,0,,1
3742727,0,,1
3742737,0,,1
3742747,0,,1
3742760,1,3,0
3742808,1,1,0
3742884,1,1,.60299999
3742932,1,1,0
3742978,1,4,0
3742994,1,1,1
3743008,1,1,0
3743028,0,,1
3743127,1,1,0
3743132,1,3,1
3743181,1,1,0
3743184,0,,0
3743191,0,,1
3743197,1,1,0
3743203,1,2,0
3743205,1,1,0
3743270,0,,1
3743298,0,,.72100002
3743424,1,2,0
3743428,0,,.96700001
3743442,0,,1
3743483,1,1,0
3743484,0,,1
3743494,1,1,0
3743532,0,,1
3743549,1,1,0
3743555,1,4,.52399999
3743605,1,2,.79299998
3743632,1,1,0
3743633,1,1,0
3743645,1,1,0
3743681,0,,1
3743844,0,,1
3743879,1,1,0
3743890,0,,1
3743910,1,1,.67799997
3743916,1,2,0
3743930,0,,1
3743974,0,,.65399998
3744076,0,,1
3744081,0,,.79100001
3744087,1,1,.237
3744090,1,1,0
3744115,1,1,0
3744118,0,,1
3744155,1,2,0
3744174,1,1,0
3744180,1,1,0
3744234,0,,0
3744241,1,3,0
3744251,1,1,0
3744254,1,1,1
3744257,0,,1
3744263,1,2,0
3744264,1,1,0
3744279,1,1,1
3744285,0,,.514
3744323,0,,1
3744388,1,2,.66100001
3744402,0,,1
3744409,1,5,.442
3744426,1,1,.59399998
3744427,0,,.317
3744485,1,1,0
3744504,1,1,0
3744507,1,1,0
3744574,1,3,.76999998
3744613,0,,.73799998
3744665,0,,1
3744680,1,1,0
3744714,0,,.82800001
3744726,1,1,0
3744728,0,,1
3744756,0,,.66500002
3744781,1,1,0
3745691,1,2,1
3745694,0,,1
3745717,1,1,0
3745775,1,1,0
3745779,0,,0
3747467,0,,0
3749083,0,,0
3749101,1,1,0
3749527,1,1,0
3749628,1,2,0
3751163,1,1,0
3755020,1,2,0
3774179,1,5,.87800002
3780175,0,,.667
3784745,0,,1
3784839,1,1,0
3786107,1,3,.38800001
3834854,1,1,0
3892145,1,1,0
3892205,1,1,0
3895127,1,1,0
3903973,1,1,0
4063910,0,,0
5720090,1,1,0
5780176,1,4,0
5782275,0,,0
5785056,0,,.77399999
5789648,1,1,0
5799590,1,3,1
5799954,0,,1
5816476,0,,.722
5816709,0,,0
5817155,1,4,0
5822033,0,,0
5822034,1,1,0
5826646,1,1,0
5829104,1,2,0
5832249,1,4,0
5832320,0,,1
5834215,0,,1
5840189,0,,1
5841293,1,1,0
5841298,1,1,0
5841396,1,1,0
5841398,1,1,0
5843835,1,1,0
5849005,0,,0
5849415,1,1,0
5850420,0,,1
5851097,1,1,0
5866079,1,2,0
5871397,1,2,.146
5891630,0,,1
5907511,0,,1
6576684,1,1,1
6582499,1,2,0
6589388,1,4,0
6589936,1,1,0
6592528,1,1,0
6659585,0,,1
7084399,0,,0
7105448,0,,1
7156914,1,1,0
7192203,0,,0
7198028,1,1,0
7208860,0,,.84799999
7246950,0,,1
7247174,1,2,0
7248184,0,,1
7252445,0,,1
7269417,1,2,1
7288976,1,2,0
7289288,0,,1
7290173,0,,.88
7290519,1,2,0
7291565,1,2,0
7292062,0,,1
7292065,1,2,0
7292067,0,,0
7292104,1,1,0
7292347,1,1,0
7292601,1,5,1
7293848,1,1,0
7293986,1,1,0
7414906,0,,1
7416937,1,2,.48800001
7417559,1,2,1
7417932,1,2,0
7444202,1,1,0
7454795,0,,1
7455827,0,,1
7456952,0,,1
7457263,0,,1
7458873,1,1,0
7505724,0,,.588
7505731,1,2,.65600002
7505960,1,1,0
7505980,0,,1
7505985,1,1,0
7505988,0,,.87199998
7505994,1,2,0
7505999,1,3,1
7506026,1,1,0
7506028,0,,1
7506036,0,,1
7506048,1,3,0
7506069,1,1,0
7506073,1,6,0
7506082,1,1,0
7506115,1,1,0
7506122,0,,.47999999
7506140,1,1,0
7506205,0,,.97299999
7506208,0,,1
7506211,1,3,0
7506228,0,,1
7506232,1,1,0
7506239,1,2,0
7506246,0,,1
7506270,1,3,0
7506275,1,1,0
7506287,1,1,0
7506300,0,,1
7506320,0,,1
7506330,0,,1
7506335,1,1,0
7506337,1,1,0
7506338,0,,1
7506354,0,,1
7506359,0,,.65100002
7506368,1,1,0
7506372,0,,1
7506386,1,1,0
7506413,0,,0
7506414,1,3,0
7506429,1,1,0
7506451,0,,.50800002
7506452,1,1,0
7506485,0,,1
7506495,1,3,0
7506498,1,1,0
7506500,1,1,0
7506506,1,1,0
7506508,1,1,0
7506512,1,1,0
7506515,1,1,0
7506519,1,1,0
7506521,1,1,0
7506529,1,1,0
7506530,1,2,1
7506536,1,2,0
7506544,1,1,0
7506548,1,1,0
7506549,0,,.86699998
7506551,1,1,0
7506555,1,1,0
7506557,0,,0
7506558,0,,0
7506563,1,1,0
7506567,1,1,0
7506569,1,1,0
7506579,1,1,0
7506581,1,1,0
7506585,1,2,0
7506589,1,2,0
7506597,1,1,0
7506599,0,,0
7506601,1,2,0
7506607,1,2,0
7506613,1,1,0
7506618,1,1,0
7506621,1,1,0
7506623,1,1,0
7506629,1,1,0
7506633,1,1,0
7506636,1,1,0
7506638,1,1,0
7506639,1,1,0
7506641,1,3,0
7506648,1,1,0
7506662,0,,0
7506664,1,1,0
7506681,1,1,0
7506715,0,,1
7506778,1,2,0
7506815,1,1,0
7506824,1,1,1
7506856,1,2,0
7506866,0,,.78399998
7506874,1,1,0
7506885,0,,1
7506931,0,,.50099999
7506933,1,1,.264
7506934,1,1,0
7506937,1,1,0
7506941,1,1,1
7506952,1,1,0
7506961,1,1,0
7506981,0,,0
7506999,1,1,0
7507003,1,1,1
7507035,0,,0
7507050,1,1,0
7507096,1,1,0
7507103,1,1,0
7507104,0,,1
7507168,1,3,0
7507169,1,3,0
7507188,0,,1
7507197,1,2,1
7507200,1,1,1
7507233,1,1,0
7507267,1,2,0
7507276,1,1,0
7507277,1,1,1
7507294,1,2,0
7507320,1,1,0
7507335,1,2,0
7507338,1,1,0
7507402,1,1,0
7507404,0,,0
7507406,1,1,.676
7507430,0,,0
7507453,0,,1
7507515,1,2,1
7507528,1,1,1
7507530,1,2,0
7507541,0,,1
7507546,0,,0
7507552,0,,1
7507563,0,,1
7507626,0,,1
7507629,0,,1
7507640,1,1,0
7507642,1,1,0
7507646,1,1,0
7507647,1,1,0
7507648,0,,1
7507649,0,,0
7507651,1,1,.38299999
7507656,0,,.40000001
7507663,1,1,0
7507667,1,1,.68099999
7507669,1,1,0
7507670,0,,.41100001
7507671,0,,.66600001
7507674,1,1,.38999999
7507679,1,1,.69700003
7507680,1,1,0
7507681,1,1,0
7507683,1,2,0
7507686,1,5,0
7507692,1,1,0
7507693,0,,.54100001
7507694,0,,.65799999
7507706,0,,.68599999
7507707,1,2,.62199998
7507709,0,,.391
7507711,0,,.41
7507713,0,,.69599998
7507714,1,1,.398
7507724,0,,.65200001
7507739,0,,0
7507751,1,2,0
7507771,0,,1
7507781,0,,.80000001
7507787,0,,.73699999
7507791,0,,.954
7507821,0,,1
7507827,0,,.95899999
7507830,0,,1
7507846,0,,1
7507927,1,2,1
7507948,1,2,0
7507983,0,,1
7507991,1,2,1
7508018,0,,1
7508140,0,,1
7508256,1,1,1
7508270,0,,1
7508297,1,1,0
7508298,1,1,0
7508299,0,,.67400002
7508305,1,1,0
7508318,1,1,0
7508319,1,1,0
7508320,1,5,0
7508323,1,1,0
7508326,1,3,0
7508332,1,1,0
7508341,1,2,0
7508342,1,1,0
7508344,1,1,0
7508345,1,2,0
7508347,1,1,0
7508350,1,4,.15000001
7508353,1,1,0
7508356,1,1,0
7508357,1,1,0
7508358,0,,0
7508360,1,1,0
7508364,1,1,0
7508367,1,2,0
7508369,1,1,1
7508373,1,2,0
7508376,1,1,0
7508377,1,1,0
7508378,1,1,0
7508381,1,1,0
7508386,1,1,0
7508388,1,3,0
7508389,0,,0
7508391,1,1,0
7508395,1,3,0
7508397,1,4,0
7508402,1,3,0
7508405,1,1,0
7508409,1,2,0
7508410,1,1,0
7508411,1,1,0
7508412,1,5,0
7508415,1,1,1
7508417,1,3,0
7508421,1,1,0
7508428,1,1,0
7508432,1,1,0
7508434,1,1,0
7508446,1,1,0
7508447,1,1,0
7508452,1,1,0
7508453,1,1,0
7508454,1,1,0
7508459,1,1,0
7508465,1,1,0
7508468,0,,1
7508470,1,1,1
7508475,1,1,0
7508479,1,1,0
7508564,1,2,.64099997
7508613,1,1,0
7508635,1,1,0
7508660,1,5,0
7508663,1,2,0
7508714,1,2,0
7508722,1,3,0
7508728,1,3,0
7508787,1,3,1
7508819,1,4,0
7508833,1,1,1
7508868,1,3,0
7508878,1,5,0
7508892,1,1,0
7508894,1,2,0
7508914,1,3,0
7508920,1,1,.78200001
7508937,1,1,0
7508940,1,1,0
7508972,1,1,1
7508984,1,1,.801
7509045,0,,1
7509058,1,2,0
7509097,1,1,0
7509116,0,,.764
7509174,0,,1
7509182,1,1,0
7509188,1,1,0
7509193,1,2,0
7509195,1,3,0
7509336,0,,0
7509347,1,2,.493
7509358,1,4,0
7509363,0,,.58999997
7509381,0,,.389
7509384,0,,.792
7509387,1,1,.62300003
7509394,1,1,0
7509415,0,,.412
7509425,1,1,0
7509441,0,,.62
7509448,1,1,0
7509451,1,1,0
7509452,1,2,.35800001
7509454,0,,.41600001
7509455,1,1,0
7509456,0,,1
7509458,1,4,1
7509466,0,,.40099999
7509467,0,,.42199999
7509476,0,,.82200003
7509485,0,,.40099999
7509489,0,,.39399999
7509495,0,,.40400001
7509498,1,2,0
7509509,0,,1
7509529,0,,.57300001
7509538,0,,1
7509557,1,2,1
7509586,0,,.96499997
7509605,0,,1
7509647,0,,.912
7509677,0,,.95700002
7509851,0,,1
7509946,0,,1
7510952,0,,.78600001
7510955,0,,0
7511037,0,,0
7511041,0,,.55800003
7511047,0,,.50999999
7511053,0,,1
7511107,0,,1
7511125,0,,1
7511132,1,1,0
7511143,1,4,0
7511179,0,,.47400001
7511196,1,4,0
7511198,0,,.57599998
7511215,0,,1
7511230,0,,1
7511234,1,1,0
7511271,1,1,0
7511283,1,1,0
7511354,0,,0
7511401,1,1,0
7511410,0,,1
7511508,1,1,0
7511513,0,,.80800003
7511530,1,1,0
7511535,0,,1
7511547,1,1,0
7511548,0,,1
7511554,1,1,0
7511639,1,1,0
7511668,1,1,.47
7511672,0,,0
7511707,0,,1
7511720,0,,.75099999
7511744,1,1,0
7511751,1,2,0
7511752,0,,1
7511773,0,,.722
7511804,1,1,0
7511830,1,1,0
7511856,0,,1
7511865,1,1,1
7511882,1,1,0
7511890,1,1,0
7511894,1,1,0
7511931,1,1,0
7511939,0,,1
7511944,1,1,.884
7512184,1,1,0
7512262,0,,1
7512284,0,,1
7512287,0,,1
7512325,1,1,0
7512341,0,,.96700001
7512342,1,1,1
7512405,1,1,0
7512410,0,,1
7512411,1,3,0
7512432,0,,.118
7512449,1,1,0
7512523,1,1,0
7512542,0,,1
7512550,1,1,0
7512771,1,1,0
7512809,0,,1
7512817,1,1,0
7512960,0,,1
7512974,1,1,.80199999
7512993,0,,1
7513054,0,,.33700001
7513080,1,1,0
7513094,1,1,0
7513238,1,2,1
7513365,1,1,.69999999
7513373,0,,1
7513434,1,1,0
7513439,1,1,0
7513468,1,5,0
7513483,0,,1
7513519,0,,1
7513821,1,1,1
7513822,1,1,.34999999
7513845,1,1,1
7513901,1,2,0
7514030,0,,1
7514094,1,3,0
7514190,0,,1
7514224,0,,1
7514270,1,1,.88800001
7514369,0,,.96499997
7514384,0,,.85900003
7514487,0,,1
7514511,1,1,0
7514521,1,1,0
7514524,0,,.84600002
7515049,0,,1
7515109,0,,1
7515333,0,,0
7515361,0,,0
7515405,1,1,0
7515409,0,,0
7515689,1,6,0
7515763,1,5,0
7515796,1,1,.31900001
7515864,0,,1
7515946,0,,1
7516017,1,1,0
7516026,0,,1
7516164,0,,1
7516165,0,,1
7516276,1,1,0
7516447,0,,1
7516791,1,5,1
7516824,0,,1
7517148,0,,1
7517163,0,,.0020000001
7517180,1,1,0
7517735,1,1,0
7517780,0,,1
7518133,1,1,.25799999
7518333,1,1,0
7518380,1,1,0
7518384,1,1,0
7518387,1,1,0
7518809,0,,1
7518994,0,,0
7519136,1,1,.255
7519202,1,1,0
7519305,1,1,.81199998
7519396,1,1,0
7519449,0,,1
7519724,0,,0
7519766,1,1,0
7519780,1,1,.223
7519882,0,,0
7519927,1,2,0
7519936,1,2,0
7520059,1,1,0
7520149,1,2,0
7520180,1,1,0
7520766,1,1,0
7520828,0,,1
7521007,1,1,0
7521097,1,1,.229
7521116,1,1,0
7521444,0,,1
7521448,1,1,0
7521887,0,,.96700001
7522189,1,1,0
7522202,1,1,0
7522281,1,3,0
7522285,1,3,0
7522331,1,4,0
7522967,1,1,0
7523293,0,,1
7523318,1,1,0
7523347,0,,1
7524129,1,3,0
7524215,1,2,0
7524901,0,,1
7525293,1,1,0
7525318,1,3,1
7525792,1,1,1
7525813,0,,1
7525841,0,,.74000001
7526244,1,2,0
7526253,0,,0
7526915,1,3,1
7526977,0,,1
7527072,1,1,0
7527161,0,,1
7527937,0,,0
7527982,0,,1
7528707,1,1,0
7528740,1,1,0
7529298,0,,.88599998
7529869,1,1,0
7529898,0,,.87199998
7530180,0,,1
7530369,1,1,0
7530416,1,2,0
7530481,1,1,.87900001
7530643,0,,1
7530815,1,1,0
7530902,1,1,0
7531331,0,,1
7531686,1,1,0
7532386,1,1,0
7532712,1,2,0
7533021,1,2,.56400001
7533171,1,4,0
7533722,1,1,0
7533783,1,3,0
7533818,1,1,0
7533869,1,1,0
7533899,1,1,0
7534106,1,3,.903
7534618,0,,.81599998
7534624,1,1,0
7534715,0,,1
7534919,1,1,0
7534939,1,2,0
7535679,0,,1
7535691,0,,1
7535859,0,,1
7535877,1,2,0
7535893,0,,0
7535898,1,1,0
7535914,1,2,0
7536114,1,1,0
7536255,1,1,0
7536347,1,1,0
7536359,1,1,0
7536376,1,1,0
7536941,0,,.60500002
7537000,0,,0
7537407,1,1,0
7537527,1,3,0
7537931,1,1,.205
7537953,0,,.72899997
7537994,0,,1
7538087,1,1,0
7538267,0,,1
7539047,0,,1
7539198,1,1,0
7539375,0,,1
7539379,0,,0
7539445,1,1,0
7539453,0,,1
7539829,1,1,0
7539837,1,2,0
7540033,0,,1
7540128,1,1,.73199999
7540688,0,,1
7540691,0,,1
7540819,0,,.792
7542266,0,,1
7542287,1,2,0
7542288,0,,1
7542322,1,1,0
7542372,0,,1
7542375,0,,1
7542379,1,2,0
7542389,1,2,0
7542448,0,,1
7542462,0,,0
7542463,0,,0
7542481,0,,1
7542760,1,2,0
7545274,0,,1
7545517,0,,1
7545787,1,1,0
7546358,1,1,0
7546393,1,1,0
7546417,1,2,0
7547662,1,1,0
7547698,1,3,0
7547721,1,3,0
7547735,0,,.87199998
7548911,0,,0
7549159,1,2,1
7549580,1,1,0
7549940,1,1,0
7550029,0,,1
7550226,1,1,0
7550302,0,,1
7550425,0,,1
7550831,1,1,0
7550846,0,,1
7550962,0,,1
7551002,0,,.597
7551030,0,,1
7551157,0,,.82200003
7551906,1,2,0
7552448,0,,1
7552662,1,1,0
7552749,1,3,0
7552765,1,1,0
7553163,0,,0
7553200,0,,1
7553264,0,,.76099998
7553353,0,,.713
7553384,1,1,.32499999
7553408,0,,0
7553497,1,1,.498
7553672,1,2,0
7553942,0,,.55900002
7553980,0,,1
7554364,0,,1
7554365,0,,.76899999
7555504,0,,1
7555928,1,2,0
7555956,0,,1
7556206,0,,.85900003
7556220,1,1,0
7556682,0,,.84899998
7556830,1,3,0
7557330,1,2,0
7557361,0,,.48800001
7557367,0,,0
7557413,1,2,0
7557582,0,,1
7557671,0,,1
7557673,0,,0
7557736,1,1,0
7557830,0,,1
7557845,1,1,0
7557949,1,1,0
7558013,0,,.33899999
7558131,1,1,0
7558139,0,,0
7558161,1,1,0
7558170,0,,.26100001
7558273,0,,.333
7558297,0,,1
7558406,1,1,0
7558416,1,1,0
7558466,1,2,0
7558916,1,3,1
7558999,1,1,0
7559306,1,2,0
7559354,1,2,0
7559553,1,1,0
7559555,0,,1
7559730,0,,1
7559783,0,,1
7559901,1,1,0
7559911,1,1,.077
7560054,1,1,0
7593782,0,,0
7594200,0,,1
7594278,1,3,.36500001
7594279,1,4,0
7594280,1,3,0
7595487,1,1,0
7608064,1,1,0
7608725,1,1,0
7610249,1,1,0
7610385,1,1,0
7611942,1,2,.063000001
7612808,1,3,0
7613292,1,1,0
7613819,0,,.64399999
7613823,1,3,0
7618503,0,,.59600002
7618798,1,5,.198
7619313,1,2,.0060000001
7619315,1,2,0
7619316,1,2,0
7619746,1,3,1
7622418,1,2,0
7624963,1,1,0
7626703,1,1,0
7627192,1,3,1
7627870,0,,1
7632118,1,5,0
7632120,1,1,0
7632461,0,,0
7632604,1,1,0
7632612,1,1,0
7632751,0,,0
7632779,1,1,0
7641545,1,1,0
7641845,1,1,0
7642060,0,,.81999999
7643511,1,4,0
7657010,1,2,.64399999
7668716,1,2,1
7672300,0,,1
7674284,1,2,0
7675530,1,2,0
7688398,1,1,0
7689018,1,2,1
7689318,0,,1
7696762,0,,.634
7700370,1,2,0
7706678,0,,0
7707744,1,1,0
7707915,1,3,1
7716530,1,1,0
7721270,0,,1
7721487,1,2,0
7721935,0,,1
7722810,1,2,0
7723255,0,,.912
7728185,0,,.78399998
7747072,1,1,0
7747723,1,5,.611
7747964,1,1,0
7749036,0,,.52200001
7750867,0,,1
7751714,1,1,1
7753056,1,2,.91900003
7756773,1,1,0
7756868,0,,1
7758456,0,,1
7759686,1,5,0
7781711,1,3,.66100001
7783779,0,,0
7787300,0,,1
7790768,0,,.20900001
7803578,1,2,0
7805232,1,1,0
7851998,0,,.50800002
7856998,1,1,0
7857272,0,,1
7859400,1,4,0
7864826,1,2,0
7865258,1,1,0
7865259,1,1,0
7868066,1,1,0
7869289,1,1,.215
8201935,1,1,.76999998
8213011,1,1,0
8255536,0,,1
8256027,1,2,0
8256416,0,,1
8259481,0,,1
8261086,0,,.796
8584828,1,1,.88599998
8922799,0,,1
8925381,1,1,0
8926140,0,,0
8926596,1,4,0
8927390,0,,.67500001
8966169,1,1,0
9285314,1,1,0
9304141,1,1,.31400001
9371821,1,1,0
9401980,1,1,0
9402702,1,1,0
9402887,1,1,0
9404919,0,,1
9484519,1,1,.88099998
9497504,1,1,0
9502044,1,1,0
9506629,1,1,.322
9518242,0,,.87099999
9518741,1,1,.285
9521212,1,1,0
9563537,0,,.87900001
9690279,0,,1
9696864,1,1,.329
9726567,1,2,.97100002
9736450,0,,0
9736454,1,1,0
9736530,1,1,0
9737779,1,1,0
9738078,1,2,1
9742493,0,,.83999997
9747845,0,,.88300002
9747915,0,,.34
9812364,1,1,.32100001
9812545,1,1,.31999999
9814604,1,1,0
9816180,1,2,0
9901915,0,,.33500001
9903121,0,,0
9904732,1,1,0
9908933,1,4,1
9912852,1,1,0
9914143,1,1,.29899999
9916290,0,,0
9917165,0,,1
9920017,1,2,0
9921650,0,,1
9960758,1,2,.373
9963141,1,1,0
9963144,1,1,0
9963618,1,1,.73199999
9967417,1,1,0
9967564,1,1,0
9969379,0,,0
9970465,1,1,0
9971653,0,,.86900002
9973138,1,1,.34599999
9973141,1,1,.34200001
9973295,0,,1
9974037,1,1,0
9974090,0,,.89200002
9974240,1,1,1
9975022,1,2,0
9975486,1,4,0
9975738,1,1,0
9976070,0,,1
9976120,1,1,0
9976151,0,,0
9976192,1,2,0
9977231,1,2,0
9981472,1,2,0
9981510,0,,0
9981529,0,,.80500001
9981729,0,,.84299999
9982001,1,1,0
9982329,0,,0
9982507,1,1,0
9983684,1,1,0
9984114,1,2,0
10011373,0,,1
10014302,1,1,0
10018600,1,1,0
10021355,1,1,0
10023720,0,,1
10024454,0,,.61400002
10030888,1,1,0
10031170,0,,1
10035574,1,1,0
10039107,0,,.85100001
10044085,1,1,0
10044578,1,1,0
10050918,0,,.67799997
10051888,0,,0
10052462,1,2,0
10053991,1,1,0
10058271,1,1,0
10058275,1,1,0
10058343,0,,0
10060850,1,1,0
10061865,0,,0
10061866,0,,1
10061868,1,2,.33899999
10064970,1,1,0
10065512,0,,0
10065513,0,,0
10065992,1,2,1
10066314,1,4,0
10066436,1,1,0
10066690,0,,.205
10066926,0,,1
10067045,1,1,.713
10067281,1,1,.324
10067356,0,,0
10067948,0,,.48899999
10068821,0,,0
10068839,0,,1
10073191,1,3,1
10073194,1,1,0
10073200,1,1,0
10073229,0,,1
10073253,1,1,0
10073283,1,1,0
10073294,1,1,0
10073296,1,1,0
10073298,0,,1
10073300,1,1,0
10073301,0,,1
10073303,0,,.634
10073304,1,1,0
10073307,1,1,0
10073308,1,1,0
10073317,1,3,0
10073335,0,,1
10073336,1,3,0
10073337,1,2,0
10073338,0,,.82599998
10073345,1,1,0
10073358,0,,0
10073359,1,1,0
10073369,1,1,0
10073394,0,,.454
10073402,1,6,.82599998
10073406,1,2,1
10073407,0,,.67199999
10073409,1,3,.58600003
10073410,1,1,0
10073413,1,2,0
10073415,1,1,0
10073419,1,1,0
10073420,0,,.78799999
10073423,0,,1
10073424,1,1,0
10073426,0,,1
10073429,1,1,0
10073430,1,1,0
10073436,0,,.79500002
10073439,0,,0
10073440,1,1,0
10073442,1,1,0
10073443,1,1,0
10073446,1,1,0
10073447,1,1,0
10073450,1,1,0
10073451,1,1,0
10073452,1,1,0
10073455,1,1,0
10073457,1,1,0
10073462,0,,.52399999
10073463,0,,.64499998
10073471,1,1,0
10073472,1,1,0
10073473,1,2,0
10073477,1,3,0
10073480,1,1,0
10073484,1,1,0
10073486,0,,1
10073488,1,2,1
10073489,1,1,.64999998
10073491,1,1,0
10073492,1,1,0
10073494,1,1,0
10073495,1,1,0
10073496,0,,.85399997
10073497,1,1,.56300002
10073509,0,,1
10073514,0,,.713
10073515,0,,.226
10073517,0,,.875
10073520,1,1,.87599999
10073525,1,1,0
10073528,1,3,0
10073534,0,,.76700002
10073535,1,1,0
10073536,1,1,0
10073537,1,1,0
10073538,1,4,0
10073542,1,6,0
10073543,1,1,0
10073545,1,1,0
10073547,0,,1
10073576,1,4,.49399999
10073577,0,,.82800001
10073580,1,3,0
10073588,0,,1
10073590,1,1,.49200001
10073591,0,,0
10073592,0,,.81999999
10073593,1,1,0
10073604,0,,1
10073611,1,1,0
10073616,1,1,0
10073621,1,1,0
10073627,0,,.82700002
10073631,1,5,.72799999
10073632,1,2,0
10073643,0,,1
10073645,1,3,0
10073653,0,,.92000002
10073655,0,,1
10073657,1,1,0
10073660,1,3,0
10073666,1,1,0
10073667,1,1,0
10073668,1,1,0
10073678,0,,1
10073679,1,1,0
10073682,1,1,0
10073704,0,,1
10073707,0,,0
10073719,1,3,.80900002
10073720,1,1,0
10073724,0,,1
10073747,1,1,0
10073748,1,1,0
10073753,1,1,.884
10073764,1,1,0
10073771,1,2,0
10073772,1,2,0
10073781,0,,1
10073788,1,1,0
10073794,1,1,0
10073795,1,1,0
10073806,1,2,0
10073811,1,1,0
10073817,1,1,.28799999
10073824,0,,0
10073829,1,1,1
10073833,1,5,.19
10073835,0,,1
10073854,1,1,0
10073855,1,2,0
10073856,1,1,0
10073863,1,1,.27599999
10073870,0,,1
10073893,1,1,0
10073903,1,1,0
10073910,1,1,0
10073915,1,2,0
10073919,1,1,.95999998
10073921,1,1,0
10073923,0,,.66900003
10073928,0,,.89999998
10073929,1,1,0
10073933,0,,.68099999
10073935,0,,0
10073942,0,,1
10073945,0,,0
10073949,1,1,0
10073967,0,,0
10073971,0,,.87400001
10073977,1,1,0
10073982,1,1,0
10073989,1,1,0
10073991,1,2,0
10073996,1,1,.329
10074002,1,1,0
10074004,0,,.78500003
10074011,1,1,0
10074015,0,,.87800002
10074025,1,2,0
10074028,0,,1
10074030,1,1,0
10074031,0,,1
10074035,0,,.57499999
10074041,1,4,0
10074049,1,2,0
10074051,0,,.82800001
10074052,1,3,.33000001
10074056,0,,1
10074060,0,,.414
10074063,1,2,0
10074064,0,,0
10074067,1,1,0
10074073,0,,1
10074085,1,3,.79400003
10074090,1,5,.67500001
10074095,1,1,0
10074096,0,,1
10074100,0,,.66100001
10074102,1,1,0
10074107,1,1,.30000001
10074108,1,1,0
10074119,0,,0
10074120,0,,1
10074126,1,1,0
10074127,1,1,0
10074133,0,,1
10074138,0,,.838
10074144,1,1,0
10074151,1,1,0
10074152,0,,.815
10074159,1,3,0
10074173,1,1,0
10074179,0,,.66000003
10074189,1,1,0
10074190,1,1,0
10074191,0,,0
10074198,1,1,0
10074204,1,2,.57700002
10074205,1,1,0
10074208,0,,1
10074212,0,,.81800002
10074213,1,1,0
10074217,0,,.95999998
10074225,1,1,0
10074226,1,1,0
10074227,0,,0
10074229,1,2,1
10074232,1,1,0
10074246,1,1,0
10074251,1,1,0
10074254,1,1,0
10074266,1,1,0
10074267,1,1,.79400003
10074268,1,2,.057999998
10074269,1,1,0
10074277,1,4,.96200001
10074281,0,,.67199999
10074283,0,,0
10074306,1,1,0
10074308,1,2,.028999999
10074320,1,1,0
10074321,1,3,0
10074322,1,1,0
10074324,1,1,0
10074329,1,1,0
10074340,1,4,0
10074341,1,1,0
10074345,1,1,.47400001
10074346,1,2,0
10074350,0,,.875
10074352,1,1,0
10074358,1,3,0
10074361,1,2,0
10074372,1,1,0
10074381,0,,0
10074392,1,3,0
10074398,1,1,0
10074406,1,1,0
10074413,1,1,0
10074437,0,,.84799999
10074441,1,1,0
10074454,1,2,0
10074472,1,1,0
10074483,1,1,0
10074487,1,2,0
10074489,1,2,0
10074500,1,1,.266
10074502,1,1,0
10074514,1,1,0
10074518,0,,.954
10074520,1,1,0
10074532,1,1,0
10074538,0,,.81400001
10074543,1,1,0
10074544,0,,1
10074549,1,3,0
10074578,1,1,0
10074582,1,1,0
10074585,1,1,0
10074594,1,1,0
10074596,1,1,.87099999
10074598,0,,.634
10074608,1,1,0
10074630,1,4,.77499998
10074640,1,2,0
10074642,0,,1
10074648,1,1,0
10074650,0,,.67900002
10074656,0,,.66000003
10074673,1,1,0
10074675,1,3,0
10074676,0,,0
10074685,0,,1
10074693,0,,.69800001
10074694,0,,1
10074697,0,,.995
10074698,1,2,0
10074709,0,,.833
10074717,1,1,0
10074719,0,,0
10074720,1,4,.301
10074768,0,,.85399997
10074770,0,,0
10074778,1,2,0
10074779,1,1,0
10074781,1,2,0
10074785,1,1,0
10074791,1,1,1
10074819,1,1,0
10074829,1,2,.81099999
10074830,1,1,0
10074838,1,1,0
10074847,1,1,0
10074856,1,1,0
10074859,1,1,0
10074860,0,,0
10074868,1,1,0
10074907,0,,1
10074908,0,,.79500002
10074914,1,1,0
10074928,1,2,.82099998
10074934,1,2,.083999999
10074944,0,,.27599999
10074949,1,1,0
10074970,1,1,0
10074974,0,,.63499999
10074981,1,1,0
10074982,1,1,0
10074990,1,1,0
10075008,1,1,0
10075025,1,1,0
10075027,1,1,0
10075033,0,,1
10075050,1,1,0
10075054,1,1,0
10075064,0,,.59899998
10075066,1,1,0
10075069,1,1,0
10075072,0,,1
10075074,0,,.96100003
10075075,0,,1
10075079,1,1,0
10075080,1,1,0
10075090,0,,0
10075094,1,1,.58099997
10075102,0,,1
10075154,1,3,.80599999
10075157,1,1,0
10075166,0,,.81199998
10075172,1,1,0
10075189,1,1,0
10075191,1,5,.79000002
10075198,1,1,1
10075214,1,1,0
10075217,1,1,0
10075218,1,1,0
10075234,1,1,0
10075237,1,1,0
10075249,1,1,0
10075297,1,1,.88
10075306,0,,1
10075310,1,1,0
10075321,0,,1
10075328,1,1,0
10075354,0,,0
10075355,0,,.94999999
10075358,1,1,0
10075361,0,,.86900002
10075362,0,,1
10075366,1,1,0
10075377,0,,.67699999
10075386,1,1,.727
10075398,1,2,0
10075410,1,1,.505
10075417,0,,1
10075429,0,,.63999999
10075436,1,3,0
10075445,1,1,0
10075462,1,1,0
10075463,1,2,0
10075465,0,,.99800003
10075467,1,2,0
10075490,0,,1
10075506,1,1,0
10075512,1,1,0
10075560,1,1,0
10075575,0,,1
10075586,0,,.94400001
10075591,1,4,0
10075594,1,1,0
10075606,1,1,.86900002
10075610,0,,0
10075619,1,1,0
10075650,0,,0
10075662,0,,.88300002
10075692,1,1,0
10075761,1,1,.317
10075767,0,,1
10075773,0,,0
10075774,1,1,0
10075796,1,1,.69
10075807,0,,1
10075812,1,1,0
10075822,1,1,0
10075828,0,,1
10075831,1,1,0
10075835,1,1,0
10075837,1,1,0
10075841,1,1,0
10075842,1,1,0
10075859,1,1,0
10075862,1,1,0
10075865,0,,.82700002
10075868,1,1,0
10075875,1,1,0
10075879,0,,1
10075880,1,1,0
10075888,0,,.31900001
10075897,0,,.81400001
10075901,0,,1
10075912,1,1,0
10075913,1,1,0
10075914,1,1,.23899999
10075916,0,,1
10075928,1,2,0
10075932,1,3,0
10075941,0,,0
10075970,1,5,.13
10075975,1,5,1
10075992,0,,.49700001
10076008,1,2,.63099998
10076020,1,1,0
10076021,0,,.95599997
10076024,1,1,0
10076028,1,4,.66399997
10076039,0,,.78200001
10076040,0,,0
10076043,1,1,0
10076044,0,,.58700001
10076063,1,2,0
10076088,0,,1
10076092,1,1,0
10076129,1,3,0
10076131,1,4,1
10076251,0,,.81199998
10076253,0,,1
10076312,1,1,.72799999
10076352,0,,0
10076614,1,1,0
10076618,0,,0
10076621,1,3,0
10076630,1,1,.029999999
10076642,1,1,0
10076648,0,,0
10076664,1,1,0
10076668,0,,.62199998
10076669,0,,1
10076673,1,1,.331
10076676,0,,1
10076844,1,2,.46200001
10076846,1,1,.324
10076847,1,1,0
10076849,1,1,0
10076854,0,,.398
10076855,0,,.39500001
10076859,1,4,.67199999
10076861,0,,.38600001
10076863,0,,.40599999
10076865,1,5,.308
10076869,1,2,1
10076872,1,1,0
10076873,0,,.78899997
10076874,0,,0
10076875,1,5,0
10076883,1,1,.41600001
10076891,1,1,0
10076898,0,,.80800003
10076906,1,2,.40400001
10076913,1,3,0
10076920,1,1,0
10076921,1,5,0
10076946,0,,.82999998
10076953,0,,1
10076961,1,1,0
10076983,1,1,0
10076991,1,1,0
10076992,1,2,0
10076996,1,1,0
10077007,0,,.78799999
10077009,1,1,0
10077014,1,2,0
10077029,1,2,0
10077031,1,1,.45300001
10077041,0,,0
10077065,0,,1
10077074,0,,.61500001
10077096,0,,1
10077111,0,,.67400002
10077112,1,1,0
10077122,0,,.63800001
10077136,0,,.66900003
10077138,1,1,0
10077139,0,,.412
10077140,0,,0
10077150,1,1,.41600001
10077159,1,1,.59600002
10077176,0,,.68300003
10077225,0,,.58099997
10077240,1,2,0
10077241,1,1,0
10077276,1,1,0
10077285,0,,0
10077296,1,1,0
10077299,1,1,0
10077306,1,1,.95700002
10077330,1,1,0
10077340,1,1,0
10077342,1,4,.61900002
10077351,1,5,.69700003
10077364,1,1,.31400001
10077375,1,2,0
10077387,1,1,0
10077390,1,1,0
10077399,1,1,0
10077405,0,,1
10077407,1,1,0
10077426,1,2,0
10077464,1,1,0
10077501,0,,.80400002
10077505,1,1,0
10077519,1,1,0
10077531,1,1,.76200002
10077532,1,1,0
10077539,1,1,0
10077542,1,1,0
10077556,0,,0
10077563,1,1,0
10077626,0,,0
10077640,1,1,0
10077648,1,2,.81699997
10077670,1,1,.375
10077677,1,1,0
10077704,1,1,.477
10077721,1,2,.89399999
10077737,0,,.80800003
10077766,1,1,0
10077770,1,1,0
10077792,0,,.49900001
10077829,1,1,0
10077830,0,,.60399997
10077870,0,,1
10077880,1,1,0
10077886,1,1,0
10077887,1,1,0
10077890,1,1,0
10077903,0,,0
10077927,1,1,0
10077933,0,,1
10077966,0,,.99900001
10077984,1,1,0
10077996,0,,0
10078000,0,,0
10078017,1,1,0
10078019,1,2,0
10078033,1,1,0
10078037,1,1,0
10078046,0,,.419
10078052,1,1,0
10078061,1,5,1
10078067,1,1,0
10078071,1,1,0
10078105,1,2,0
10078111,0,,.87900001
10078117,0,,1
10078160,0,,.62900001
10078170,0,,0
10078175,1,1,0
10078178,1,1,0
10078181,1,1,0
10078187,0,,1
10078196,1,1,0
10078234,1,1,0
10078257,1,2,0
10078262,1,1,0
10078282,1,2,.59600002
10078311,1,1,0
10078317,0,,1
10078329,1,2,0
10078330,1,1,0
10078341,1,1,.685
10078348,0,,1
10078370,1,2,0
10078381,1,3,0
10078432,1,2,0
10078461,1,2,.61900002
10078484,0,,1
10078522,0,,0
10078525,1,1,0
10078652,0,,1
10078665,1,1,.33700001
10078666,0,,.40099999
10078667,1,5,0
10078688,1,1,0
10078701,1,2,0
10078712,0,,.79900002
10078713,0,,.43599999
10078730,1,1,0
10078763,0,,0
10078768,1,1,0
10078785,0,,1
10078786,0,,.97799999
10078808,0,,1
10078830,0,,1
10078838,0,,1
10078877,1,1,0
10078878,0,,1
10078894,1,1,0
10078924,0,,1
10078950,1,2,1
10079085,1,1,0
10079183,0,,.82099998
10079187,1,5,0
10079317,1,3,0
10079404,0,,.67900002
10079566,1,6,.38100001
10079674,0,,0
10079689,1,1,0
10079697,1,1,0
10079716,1,1,0
10079742,0,,0
10079746,0,,0
10079767,0,,0
10079796,1,1,0
10079828,1,1,0
10079835,0,,0
10079838,1,1,0
10079847,1,1,0
10079862,1,1,0
10079866,1,1,0
10079870,1,1,0
10079879,1,1,0
10079882,1,1,0
10079883,1,1,0
10079885,1,1,0
10079892,1,3,0
10079896,1,1,0
10079897,1,1,0
10079899,0,,0
10079900,1,1,0
10079907,0,,0
10079914,1,1,0
10079922,1,1,0
10079925,1,1,0
10079928,1,1,0
10079935,1,1,0
10079941,1,1,0
10079957,1,1,0
10079980,1,2,0
10079981,1,1,0
10079983,1,1,0
10079989,1,1,0
10079992,1,1,.456
10079994,1,1,0
10079997,1,1,0
10079998,1,1,0
10080002,1,1,0
10080008,1,1,0
10080018,1,1,0
10080019,1,1,0
10080020,1,1,0
10080023,1,1,0
10080026,0,,.65499997
10080038,1,1,0
10080078,1,1,0
10080092,1,1,0
10080120,1,2,0
10080183,1,1,0
10080194,1,1,0
10080274,1,4,0
10080336,1,1,0
10080377,0,,0
10080382,1,1,0
10080432,1,1,.23899999
10080470,1,1,0
10080473,1,6,0
10080506,1,1,1
10080532,1,1,0
10080579,1,1,0
10080602,0,,0
10080605,1,1,0
10080629,0,,1
10080632,1,1,0
10080642,0,,1
10080736,1,3,0
10080753,1,1,0
10080766,1,1,0
10080767,1,1,0
10080771,1,6,.79299998
10080791,0,,0
10080834,1,1,0
10080842,0,,1
10080854,1,1,0
10080859,1,1,0
10080866,1,5,0
10080896,1,1,0
10080903,1,1,1
10080924,1,1,1
10080984,0,,1
10081003,0,,.60900003
10081008,0,,.62599999
10081010,1,2,.75800002
10081014,0,,.79299998
10081017,1,2,0
10081020,1,4,1
10081022,1,1,0
10081024,0,,.40099999
10081027,1,1,0
10081028,0,,.65499997
10081032,1,2,1
10081033,0,,.61299998
10081034,0,,.41299999
10081038,0,,.67400002
10081039,0,,0
10081041,1,1,.63599998
10081042,0,,.66000003
10081052,0,,.67699999
10081053,1,1,0
10081055,0,,.64300001
10081063,1,1,0
10081163,0,,1
10081175,0,,1
10081186,0,,1
10081191,1,1,1
10081203,0,,.90600002
10081216,0,,1
10081246,1,1,0
10081419,1,1,0
10081432,0,,1
10081441,1,1,0
10081507,1,1,0
10081509,0,,1
10081551,1,1,0
10081560,0,,0
10081567,0,,0
10081581,0,,1
10081628,1,1,0
10081659,0,,.81
10081662,1,4,.40900001
10081686,0,,.60799998
10081710,1,1,0
10081751,1,1,0
10081804,0,,1
10081813,0,,.875
10081823,1,5,.616
10081849,1,1,0
10081865,1,1,0
10081875,0,,.64600003
10081890,1,2,.801
10081893,0,,.88599998
10081916,0,,1
10081981,1,1,0
10081998,1,3,0
10082003,1,1,0
10082089,1,1,0
10082109,0,,.88099998
10082120,1,1,0
10082142,1,2,.79299998
10082195,1,1,0
10082222,1,1,0
10082243,1,1,0
10082249,1,1,0
10082256,1,1,.16599999
10082266,1,1,0
10082275,1,1,0
10082296,1,1,0
10082300,1,1,0
10082315,1,1,0
10082326,1,2,.58999997
10082329,1,1,.55199999
10082332,1,1,0
10082513,1,2,0
10082525,0,,1
10082560,1,1,0
10082573,1,3,0
10082578,1,1,0
10082626,0,,.75400001
10082632,1,1,0
10082641,1,1,0
10082665,1,1,0
10082667,1,2,0
10082668,0,,1
10082699,1,1,0
10082722,1,2,0
10082781,1,1,0
10082788,1,1,0
10082798,1,1,0
10082806,0,,1
10082941,0,,1
10082962,0,,1
10082980,1,1,0
10083044,1,2,0
10083061,1,1,.32699999
10083067,1,1,0
10083120,0,,.25099999
10083137,1,2,0
10083174,0,,1
10083260,1,1,0
10083334,1,1,0
10083338,0,,1
10083341,0,,1
10083355,1,1,0
10083362,0,,.78100002
10083396,0,,0
10083672,0,,.55199999
10083676,1,2,0
10083697,0,,1
10083706,1,1,0
10083733,1,1,0
10083777,0,,.68300003
10083787,0,,.875
10083847,0,,1
10083848,0,,.88099998
10083864,1,3,1
10083883,1,1,0
10083892,0,,.62900001
10083907,1,1,.44800001
10083938,1,1,0
10083951,0,,.78899997
10084011,0,,.61799997
10084028,0,,1
10084040,1,6,0
10084072,1,1,0
10084078,1,1,.322
10084110,1,1,0
10084113,1,1,0
10084177,0,,.21699999
10084189,1,2,.48100001
10084508,1,1,0
10084521,1,2,0
10084554,1,3,0
10084633,0,,1
10084645,0,,1
10084701,1,4,0
10084713,1,3,0
10084721,0,,1
10084767,1,1,0
10084831,0,,1
10084937,0,,0
10084961,1,1,0
10085017,0,,1
10085108,1,1,0
10085231,1,1,0
10085255,1,1,0
10085276,1,3,.003
10085313,0,,1
10085380,1,2,0
10085425,1,1,.30000001
10085455,1,1,0
10085556,1,1,0
10085809,1,1,.80599999
10085843,0,,1
10085863,1,1,0
10085867,1,1,.29800001
10085929,0,,.83499998
10085967,0,,.63099998
10085968,1,1,0
10085998,1,1,0
10086022,1,2,1
10086033,0,,.96700001
10086034,1,2,.229
10086087,1,1,0
10086091,1,4,.78500003
10086119,1,1,0
10086159,1,1,0
10086197,0,,1
10086209,1,2,0
10086256,0,,.86000001
10086274,1,1,0
10086349,1,2,0
10086368,0,,.89600003
10086392,1,1,0
10086424,1,1,.287
10086430,0,,.60600001
10086476,0,,.74800003
10086524,1,1,0
10086535,0,,.77999997
10086551,0,,.81999999
10086608,1,2,0
10086615,0,,1
10086617,1,2,1
10086624,1,1,0
10086649,1,1,0
10086650,1,1,0
10086651,0,,1
10086690,1,3,.82800001
10086694,0,,0
10086696,1,1,0
10086708,1,1,.491
10086717,1,1,.53100002
10086734,1,1,.498
10086747,1,1,.53200001
10086782,0,,.95700002
10086796,1,1,0
10086830,0,,0
10086854,0,,1
10086859,1,1,0
10086873,1,1,0
10086937,0,,1
10086945,1,1,0
10086954,1,1,0
10086957,0,,1
10087001,1,2,0
10087165,1,1,0
10087197,1,1,0
10087286,0,,.46200001
10087295,1,1,.551
10087336,1,1,0
10087348,0,,0
10087621,0,,.88999999
10087652,1,1,0
10087676,0,,0
10087690,1,1,0
10087719,1,1,0
10087741,1,1,0
10087745,0,,.85100001
10087775,0,,1
10087780,1,1,0
10087824,0,,1
10087911,1,1,0
10087922,0,,1
10087936,0,,.426
10088083,1,4,0
10088096,1,1,0
10088152,1,2,0
10088161,1,3,0
10088209,1,1,.792
10088241,1,1,0
10088260,1,2,0
10088267,1,5,0
10088321,0,,.80699998
10088384,0,,.90399998
10088387,1,1,1
10088422,1,1,.81099999
10088425,1,1,0
10088471,1,1,.30000001
10088485,1,1,0
10088515,1,1,0
10088538,1,1,.315
10088540,0,,0
10088546,1,2,.059
10088603,1,1,.87400001
10088604,1,3,0
10088632,0,,1
10088684,1,1,1
10088688,1,1,0
10088783,0,,.80800003
10088804,1,2,0
10088805,0,,.87900001
10088823,0,,0
10088840,1,1,0
10088849,1,4,0
10088861,0,,1
10088863,1,4,.63
10088865,0,,.47999999
10088868,1,1,0
10088903,1,1,0
10088923,0,,1
10088941,0,,1
10088947,1,1,0
10089002,0,,1
10089018,1,1,0
10089083,1,3,1
10089095,1,1,0
10089133,1,3,.352
10089160,0,,0
10089288,1,3,0
10089300,1,1,.87699997
10089308,1,1,0
10089329,0,,0
10089353,1,1,0
10089373,1,1,0
10089381,1,3,0
10089406,0,,1
10089468,1,1,0
10089528,0,,0
10089535,1,1,.87099999
10089561,1,1,0
10089585,1,1,0
10089632,1,2,0
10089717,1,1,0
10089718,1,1,0
10089728,0,,.49200001
10089734,0,,1
10089743,0,,.80900002
10089831,1,1,0
10089843,1,1,0
10089862,1,1,0
10089906,1,1,0
10089908,0,,1
10089925,1,1,0
10090105,1,1,.025
10090139,0,,0
10090147,1,1,0
10090357,1,1,.31
10090631,0,,.52399999
10090672,1,1,0
10090699,1,1,0
10090707,1,1,0
10090726,1,1,0
10090797,0,,.86299998
10090805,1,1,.46200001
10090807,0,,1
10090849,1,1,0
10090854,1,1,0
10090896,0,,.778
10090944,1,3,0
10090952,0,,1
10090980,1,1,0
10090984,1,2,0
10090995,1,1,0
10091036,1,1,0
10091045,1,3,0
10091092,0,,0
10091143,1,1,.023
10091159,1,1,0
10091204,0,,1
10091321,0,,.83099997
10091332,1,1,0
10091382,1,1,0
10091467,0,,0
10091538,1,2,0
10091569,0,,.81599998
10091570,1,4,0
10091654,1,1,.428
10091684,1,3,0
10091732,1,2,0
10091793,1,2,0
10091817,0,,.75400001
10091880,0,,.60699999
10092093,1,1,.65700001
10092345,0,,.79100001
10092360,0,,.82800001
10092378,0,,0
10092391,1,1,0
10092542,1,6,0
10092660,0,,.50599998
10092661,1,2,0
10092662,1,1,0
10092672,0,,0
10092684,1,2,0
10092962,0,,.96399999
10093004,1,1,0
10093013,1,1,0
10093056,1,1,0
10093161,1,1,0
10097901,0,,0
10097910,1,1,.509
10097913,0,,0
10099977,0,,0
10104331,1,1,0
10104337,1,3,0
10104375,1,2,0
10104376,1,1,0
10104430,0,,1
10104443,0,,.662
10104444,0,,0
10104460,0,,1
10104516,1,1,0
10104524,1,1,0
10104543,0,,1
10104550,1,1,0
10104562,0,,1
10104573,0,,1
10104594,1,1,0
10104602,1,1,0
10104614,1,1,0
10104619,1,1,0
10104622,0,,.80900002
10104668,1,2,.509
10104741,0,,.87
10104774,1,1,0
10104781,1,1,0
10104792,0,,0
10104809,1,1,0
10105059,0,,.73100001
10105097,0,,1
10105173,0,,1
10105228,0,,1
10105272,0,,1
10105967,0,,1
10105977,1,1,0
10106051,1,1,0
10106052,1,1,0
10106084,1,3,0
10106124,0,,0
10106188,1,3,0
10106323,0,,1
10106356,1,1,0
10106386,1,1,0
10106402,1,2,0
10106427,1,1,0
10106477,1,3,0
10106496,1,1,0
10106503,1,1,0
10106521,1,1,0
10106554,1,1,0
10106564,1,1,0
10106732,1,3,0
10106798,1,1,0
10106820,0,,1
10106850,0,,0
10107089,1,1,0
10107104,1,1,0
10107139,1,2,0
10107156,1,6,1
10107205,1,1,0
10107217,1,2,0
10107234,0,,1
10107256,1,1,0
10107364,1,3,0
10107504,0,,1
10107711,1,1,0
10107749,0,,.80699998
10107770,1,2,0
10107773,1,1,0
10107844,1,1,0
10107877,1,1,0
10107927,1,1,0
10107937,1,1,0
10107962,0,,.44100001
10108156,1,3,0
10108158,0,,1
10108167,1,1,0
10108233,1,3,0
10108242,1,1,0
10108267,1,2,.96499997
10108271,1,3,0
10108347,1,1,0
10108376,0,,1
10108589,0,,.66900003
10108733,0,,1
10108803,0,,1
10108819,1,1,.59600002
10108826,1,2,1
10108920,1,1,.32100001
10108925,1,1,0
10108928,1,3,0
10108992,0,,.153
10108999,1,4,0
10109023,0,,0
10109057,1,6,.588
10109086,1,1,0
10109123,1,1,.21600001
10109161,0,,1
10109266,1,1,.73000002
10109289,0,,0
10109291,1,3,0
10109397,0,,1
10109398,1,1,0
10109459,1,1,.70899999
10109463,1,1,0
10109496,1,1,0
10109502,1,1,.65799999
10109505,1,1,0
10109509,1,1,0
10109539,1,2,0
10109554,1,1,0
10109628,0,,1
10109703,1,1,0
10109723,1,4,0
10109754,1,3,0
10109835,1,1,0
10109841,0,,1
10110000,1,1,0
10110156,1,1,0
10110206,1,3,.66900003
10110269,1,6,.96899998
10110387,1,1,0
10110475,1,1,0
10110489,0,,.33199999
10110501,0,,0
10110504,0,,.345
10110574,1,2,0
10110709,0,,.79900002
10110765,1,1,0
10110768,0,,0
10110794,0,,1
10110846,1,5,0
10110884,1,1,0
10110904,0,,1
10111081,1,2,.79000002
10111163,1,2,0
10111180,1,3,0
10111318,1,1,.80299997
10111335,0,,1
10111349,0,,1
10111359,0,,.89999998
10111388,0,,.82999998
10111430,1,3,0
10111469,0,,.83099997
10111493,0,,.71100003
10111519,0,,1
10111691,0,,0
10111740,1,2,0
10111803,1,2,.81300002
10111805,1,1,0
10111807,0,,1
10111861,0,,1
10111902,1,1,0
10111905,1,1,0
10111906,0,,1
10111914,1,1,0
10111928,0,,1
10112122,1,4,0
10112278,0,,1
10112535,1,1,0
10112685,1,1,0
10113081,0,,0
10113234,1,5,1
10113261,0,,1
10113266,1,1,0
10113280,1,1,.54000002
10113282,1,3,0
10113283,1,4,1
10113359,1,1,0
10113433,1,1,0
10113440,1,1,0
10113460,0,,.87400001
10113499,1,1,1
10113544,1,5,0
10113596,1,1,0
10113622,1,1,0
10113625,0,,.80699998
10113658,1,1,0
10113696,0,,0
10113794,0,,.954
10113840,1,3,0
10113845,0,,.57300001
10113861,0,,1
10113983,1,1,0
10114017,1,1,0
10114056,0,,.94999999
10114119,0,,.89399999
10114182,0,,1
10114202,0,,.89300001
10114389,0,,1
10114510,1,1,0
10114828,1,1,.30199999
10114834,0,,1
10114836,1,1,.27200001
10114846,1,1,0
10115006,1,2,.96399999
10115060,0,,0
10115071,1,1,0
10115074,0,,1
10115108,1,3,0
10115118,1,1,0
10115124,0,,0
10115172,0,,1
10115199,0,,0
10115206,1,4,0
10115237,0,,0
10115250,0,,.44400001
10115266,1,2,0
10115275,1,1,0
10115286,1,1,0
10115357,1,1,0
10115362,0,,1
10115390,0,,.81300002
10115442,1,2,0
10115509,1,2,0
10115510,1,1,0
10115512,1,1,0
10115534,1,1,0
10115560,1,1,0
10115619,0,,.271
10115638,1,1,0
10115641,0,,0
10115671,1,1,0
10115741,0,,1
10115744,1,2,0
10115791,0,,.81199998
10115850,0,,.78600001
10115979,0,,0
10116009,0,,0
10116027,0,,.81400001
10116068,1,3,0
10116101,0,,1
10116192,0,,1
10117625,0,,.74900001
10117799,1,2,0
10117801,0,,1
10117839,1,1,0
10117878,0,,1
10117892,1,1,0
10117910,1,1,0
10117957,1,2,0
10118016,0,,1
10118175,1,3,0
10118233,1,2,.542
10118251,1,1,0
10118257,1,1,0
10118265,1,1,0
10118273,1,1,0
10118282,0,,1
10118437,0,,1
10118519,0,,0
10118591,0,,0
10118727,0,,1
10118734,0,,.81
10118746,0,,.773
10118760,1,3,1
10118768,1,1,.61400002
10118769,1,1,0
10119003,1,1,0
10119101,0,,0
10119135,0,,1
10119201,1,1,0
10119235,0,,.324
10119260,0,,.81400001
10119316,0,,1
10119556,1,1,0
10119610,0,,0
10119636,0,,.79000002
10119661,0,,1
10119672,0,,1
10119678,0,,1
10119733,0,,1
10119737,1,4,0
10119745,0,,1
10119764,1,2,.71200001
10119773,0,,.47299999
10119806,0,,.70499998
10119874,0,,.796
10119910,1,2,.65799999
10119912,1,4,0
10119917,1,1,.51599997
10119937,1,1,.49000001
10119982,1,1,0
10120001,0,,1
10120003,0,,.108
10120032,1,1,0
10120110,0,,.86900002
10120246,1,1,0
10120261,1,2,0
10120296,1,5,0
10120328,0,,1
10120356,1,1,0
10120360,1,1,0
10120496,1,1,0
10120812,0,,1
10120915,0,,.447
10120922,1,1,0
10121029,1,1,0
10121054,1,1,0
10121088,0,,0
10121200,1,2,.15000001
10121219,1,1,0
10121224,1,2,1
10121236,0,,1
10121272,1,2,.60000002
10121288,1,1,.491
10121350,1,1,0
10121378,1,1,0
10121394,1,1,1
10121430,1,1,0
10121442,1,1,0
10121489,1,1,0
10121508,1,2,0
10121549,0,,.58899999
10121555,1,1,0
10121597,1,1,.58999997
10121633,0,,1
10121704,0,,.39399999
10121740,0,,.801
10121830,0,,.63200003
10121869,1,1,0
10121879,0,,.90100002
10121966,0,,.95899999
10121978,1,4,0
10122031,1,1,0
10122116,0,,.45500001
10122138,0,,1
10122176,0,,.713
10124702,1,2,0
10124789,1,1,0
10124895,1,1,.514
10124898,1,1,0
10124908,1,1,0
10124911,1,1,0
10125021,0,,0
10125033,1,2,0
10125053,1,1,.67699999
10125062,1,2,0
10125112,1,2,0
10125182,0,,.67699999
10125196,0,,.82999998
10125200,1,1,0
10125266,1,2,0
10125343,1,1,0
10125394,1,1,0
10125402,0,,1
10125419,0,,.75700003
10125475,1,3,0
10125666,0,,0
10125687,1,1,0
10125689,1,1,0
10125706,1,1,0
10125712,0,,.89399999
10125744,1,1,0
10125807,1,1,0
10125914,0,,.84500003
10125978,1,1,0
10125995,1,1,0
10126091,1,1,0
10126124,0,,1
10126227,1,1,0
10126244,1,2,0
10126248,1,2,.778
10126483,0,,.78399998
10126638,1,1,0
10126656,0,,.82499999
10126740,1,1,0
10126767,1,3,0
10126792,1,1,0
10126838,0,,1
10126865,0,,.82599998
10126895,1,1,0
10126926,1,1,0
10126935,1,1,0
10126938,0,,.82499999
10126940,1,1,0
10126944,1,3,0
10127023,0,,1
10127073,1,1,.47400001
10127154,0,,1
10127217,1,2,0
10127291,0,,.95999998
10127301,0,,.24699999
10127309,1,1,0
10127335,1,3,1
10127408,0,,1
10127430,1,1,.27399999
10127484,1,2,0
10127513,1,2,1
10127520,1,1,0
10127561,0,,1
10127593,1,1,0
10127655,1,1,0
10127721,1,3,0
10127927,1,1,0
10127942,1,1,0
10128154,1,2,0
10128428,0,,1
10128563,0,,0
10128655,0,,1
10128663,1,5,0
10128685,1,1,0
10128698,0,,1
10128706,1,1,0
10128776,0,,.28799999
10128788,1,1,0
10128880,1,1,.028999999
10128893,1,1,0
10128909,0,,1
10128969,1,1,0
10129004,0,,.551
10129017,0,,1
10129025,1,3,.708
10129064,1,1,0
10129084,0,,1
10129088,0,,.85799998
10129090,0,,1
10129105,0,,.52999997
10129148,0,,1
10129178,0,,0
10129206,1,1,0
10129324,1,1,0
10129364,0,,.421
10129516,1,1,1
10129578,0,,0
10129596,1,1,1
10129655,1,1,0
10129665,1,2,.77499998
10129729,1,4,0
10129819,1,1,0
10129864,1,1,0
10129877,0,,1
10130066,1,1,0
10130098,1,1,0
10130131,1,2,1.1102230e-16
10130415,1,3,.017999999
10130431,1,1,0
10130471,1,1,0
10130478,1,4,0
10130483,0,,1
10130538,1,2,.81099999
10130591,1,1,0
10130614,1,1,0
10130661,1,1,0
10130679,1,2,.59600002
10130749,1,2,0
10130760,1,1,0
10130853,1,1,0
10130877,1,1,0
10130891,1,1,0
10131017,0,,.861
10131032,0,,1
10131080,0,,0
10131188,0,,1
10131230,0,,.96499997
10131239,0,,1
10131240,0,,0
10131258,0,,.91600001
10131366,1,2,0
10131380,0,,1
10131504,1,1,0
10131829,1,3,0
10131995,0,,1
10132045,1,1,0
10132052,0,,1
10132074,0,,.80000001
10132095,0,,1
10132120,1,1,0
10132132,0,,1
10132285,1,1,0
10132462,1,2,1
10132479,0,,.67400002
10132486,0,,0
10132489,0,,.86699998
10132586,1,1,1
10132729,0,,1
10132804,1,1,0
10132821,0,,1
10132853,1,1,0
10132884,0,,0
10132895,1,2,0
10132910,0,,0
10132931,1,1,.26300001
10132940,1,1,1
10132941,0,,1
10133007,0,,.91500002
10133010,0,,.60699999
10133062,1,3,.82499999
10133198,1,2,0
10133228,0,,1
10133382,1,6,.79000002
10133401,1,3,.331
10133459,1,1,.45699999
10133474,1,1,.458
10133532,1,1,0
10133536,1,1,0
10133573,0,,.43900001
10133833,1,1,0
10134009,0,,0
10134040,1,1,0
10134078,0,,1
10134233,1,1,0
10134304,1,1,0
10134331,0,,.95300001
10134333,0,,0
10134442,1,1,0
10134462,0,,0
10134478,1,1,0
10134548,0,,.34
10134664,0,,.95499998
10134680,1,1,0
10134788,1,1,0
10134833,0,,1
10134866,0,,0
10134989,1,4,1
10135054,1,1,0
10135060,1,4,.184
10135137,1,1,0
10135154,1,2,0
10135321,0,,.064000003
10135364,1,1,0
10135372,1,1,0
10135376,1,2,0
10135396,1,3,.551
10135462,1,1,0
10135471,0,,.63200003
10135474,1,2,0
10135553,1,1,0
10135619,1,1,0
10135633,0,,.86799997
10135768,0,,0
10135824,0,,.80900002
10135981,1,1,.228
10136074,0,,.154
10136121,1,1,0
10136273,1,1,0
10136283,1,2,.60100001
10136317,1,1,0
10136913,1,3,0
10136951,1,2,0
10137038,0,,.67400002
10137053,0,,.815
10137121,1,1,0
10137148,1,1,0
10137258,0,,0
10137281,1,2,0
10137314,1,2,0
10137340,1,1,0
10137411,1,1,0
10137439,1,1,0
10137443,1,2,0
10137488,1,1,0
10137509,1,1,0
10137519,0,,0
10137527,1,1,0
10137551,0,,1
10137570,1,1,0
10137666,1,1,0
10137712,1,1,0
10137720,1,5,0
10137738,0,,.11
10137759,1,2,0
10137798,1,1,0
10137817,1,1,0
10137890,0,,1
10137908,1,4,0
10137910,1,1,0
10137922,1,1,.30899999
10137929,1,1,0
10137947,1,1,0
10138012,0,,1
10138022,0,,.80800003
10138040,0,,1
10138042,1,2,.050999999
10138045,1,1,1
10138065,0,,1
10138086,1,1,0
10138117,0,,.84500003
10138122,1,2,0
10138133,1,1,0
10138153,0,,1
10138218,1,2,0
10138247,1,2,0
10138469,1,1,1
10138481,1,1,0
10138500,0,,1
10138680,1,1,0
10138686,1,1,0
10138764,1,1,0
10138792,1,1,.30899999
10138810,0,,1
10138876,0,,1
10138961,1,6,.78500003
10139172,1,1,0
10139258,0,,1
10139267,0,,.95499998
10139285,1,2,0
10139406,0,,.65399998
10139491,1,4,0
10139500,1,1,0
10139561,1,1,.292
10139568,1,1,0
10139625,1,1,0
10139686,0,,.79500002
10139778,0,,.433
10139853,0,,1
10139864,0,,.79400003
10139905,1,1,0
10139941,0,,1
10139946,1,1,0
10139973,0,,0
10139982,0,,0
10140202,1,1,0
10140269,0,,.81800002
10140286,0,,.63200003
10140319,1,1,0
10140324,1,1,0
10140347,1,1,0
10140357,0,,.81099999
10140541,0,,1
10140576,1,6,0
10140606,0,,.79299998
10140727,0,,0
10140785,1,1,0
10140796,0,,.77600002
10140806,0,,.78600001
10140842,0,,1
10141000,1,1,0
10141014,0,,0
10141019,0,,0
10141066,0,,0
10141250,0,,.82200003
10141299,1,2,0
10141371,1,2,0
10141375,1,1,0
10141376,0,,.48899999
10141379,0,,1
10141380,1,1,0
10141387,1,2,0
10141390,1,1,0
10141452,1,1,0
10141454,0,,0
10141459,0,,0
10141478,1,2,0
10141488,0,,.89499998
10141496,0,,.81900001
10141500,1,3,0
10141513,1,2,0
10141522,1,1,0
10141529,1,1,.87400001
10141591,1,4,0
10141598,1,5,1
10141639,1,2,0
10141642,0,,0
10141648,1,1,0
10141660,1,1,0
10141670,1,6,1
10141673,1,1,0
10141680,0,,1
10141692,1,1,0
10141767,1,2,1
10141768,1,1,0
10141773,1,1,.75199997
10141787,0,,0
10141845,1,2,0
10141895,1,1,0
10141929,0,,0
10141952,0,,1
10141970,1,1,0
10141975,1,2,0
10141985,1,3,0
10141995,1,1,0
10142025,0,,0
10142038,1,1,0
10142049,0,,.72899997
10142082,1,2,1
10142092,0,,1
10142142,1,1,0
10142216,1,1,.72799999
10142232,1,2,0
10142329,0,,1
10142389,1,3,0
10142398,1,3,0
10142464,0,,1
10142472,1,1,0
10142552,0,,0
10142554,0,,.32100001
10142580,1,6,0
10142602,1,3,0
10142856,1,4,.81999999
10142895,0,,0
10142896,0,,0
10143068,1,2,0
10143073,1,1,0
10143097,1,1,0
10143110,1,1,0
10143133,1,1,0
10143253,1,3,1
10143292,1,2,0
10143294,0,,.96899998
10143306,0,,1
10143334,1,1,0
10143409,0,,.82499999
10143445,0,,.82099998
10143450,1,3,.359
10143468,0,,.833
10143491,1,1,0
10143512,0,,.65700001
10143515,0,,.63
10143541,0,,.949
10143619,0,,1
10143622,1,1,0
10143624,1,1,0
10143630,1,1,0
10143634,1,1,0
10143641,0,,1
10143643,1,1,.82599998
10143657,1,2,0
10143665,0,,0
10143680,1,2,0
10143711,0,,.801
10143751,0,,.82200003
10143773,0,,0
10143786,0,,0
10143793,0,,.80299997
10143809,1,1,0
10143852,0,,.414
10143858,0,,.60699999
10143893,0,,1
10143911,1,1,0
10143912,0,,1
10143927,1,3,0
10143931,1,2,0
10143932,1,2,.47999999
10143934,1,1,0
10143939,0,,.634
10143950,1,1,0
10143983,0,,1
10144033,1,2,0
10144043,1,1,0
10144045,1,1,0
10147552,1,2,0
10161988,1,1,0
10162029,1,3,0
10162034,1,1,0
10162068,1,1,0
10162645,1,1,.80000001
